event,country,bronze,silver,gold,all
Basketball Women's Basketball,SRB,12,0,0
Basketball Women's Basketball,CHN,0,11,0
Basketball Women's Basketball,USA,0,12,95
Basketball Women's Basketball,FRA,0,12,0
Basketball Women's Basketball,ESP,0,12,0
Basketball Women's Basketball,BUL,0,12,0
Basketball Women's Basketball,AUS,0,36,0
Basketball Women's Basketball,BRA,0,12,0
Basketball Women's Basketball,KOR,0,11,0
Basketball Women's Basketball,YUG,0,12,0
Basketball Women's Basketball,URS,0,0,24
Basketball Women's Basketball,EUN,0,0,12
Swimming Women's 4 x 100 metres Medley Relay,FRG,11,4,0
Swimming Women's 4 x 100 metres Medley Relay,NED,0,5,0
Swimming Women's 4 x 100 metres Medley Relay,USA,0,29,79
Swimming Women's 4 x 100 metres Medley Relay,GER,0,7,0
Swimming Women's 4 x 100 metres Medley Relay,AUS,0,36,14
Swimming Women's 4 x 100 metres Medley Relay,GDR,0,5,18
Swimming Women's 4 x 100 metres Medley Relay,GBR,0,4,0
Figure Skating Women's Singles,AUT,1,4,2
Figure Skating Women's Singles,NED,0,2,1
Figure Skating Women's Singles,USA,0,8,7
Figure Skating Women's Singles,RUS,0,1,1
Figure Skating Women's Singles,GER,0,1,0
Figure Skating Women's Singles,CAN,0,2,1
Figure Skating Women's Singles,JPN,0,2,1
Figure Skating Women's Singles,GDR,0,1,3
Figure Skating Women's Singles,SWE,0,1,1
Figure Skating Women's Singles,GBR,0,1,2
Figure Skating Women's Singles,KOR,0,1,1
Figure Skating Women's Singles,NOR,0,0,3
Figure Skating Women's Singles,UKR,0,0,1
Gymnastics Women's Team All-Around,TCH,8,26,8
Gymnastics Women's Team All-Around,USA,0,18,17
Gymnastics Women's Team All-Around,ROU,0,24,18
Gymnastics Women's Team All-Around,ITA,0,12,0
Gymnastics Women's Team All-Around,RUS,0,23,0
Gymnastics Women's Team All-Around,HUN,0,22,0
Gymnastics Women's Team All-Around,GDR,0,6,0
Gymnastics Women's Team All-Around,CHN,0,0,6
Gymnastics Women's Team All-Around,NED,0,0,10
Gymnastics Women's Team All-Around,URS,0,0,56
Gymnastics Women's Team All-Around,GER,0,0,8
Gymnastics Women's Team All-Around,EUN,0,0,6
Handball Women's Handball,KOR,14,44,25
Handball Women's Handball,NOR,0,28,28
Handball Women's Handball,FRA,0,16,0
Handball Women's Handball,RUS,0,14,15
Handball Women's Handball,HUN,0,15,0
Handball Women's Handball,GDR,0,14,0
Handball Women's Handball,YUG,0,14,15
Handball Women's Handball,MNE,0,14,0
Handball Women's Handball,DEN,0,0,45
Handball Women's Handball,URS,0,0,27
Gymnastics Women's Horse Vault,SWE,1,0,0
Gymnastics Women's Horse Vault,CHN,0,1,0
Gymnastics Women's Horse Vault,USA,0,3,1
Gymnastics Women's Horse Vault,ROU,0,2,5
Gymnastics Women's Horse Vault,RUS,0,1,1
Gymnastics Women's Horse Vault,URS,0,5,6
Gymnastics Women's Horse Vault,GER,0,2,0
Gymnastics Women's Horse Vault,GDR,0,4,1
Gymnastics Women's Horse Vault,HUN,0,0,1
Gymnastics Women's Horse Vault,TCH,0,0,2
Gymnastics Women's Horse Vault,PRK,0,0,1
Gymnastics Women's Balance Beam,GDR,1,0,0
Gymnastics Women's Balance Beam,CHN,0,2,2
Gymnastics Women's Balance Beam,USA,0,4,2
Gymnastics Women's Balance Beam,RUS,0,1,0
Gymnastics Women's Balance Beam,URS,0,8,3
Gymnastics Women's Balance Beam,UKR,0,1,0
Gymnastics Women's Balance Beam,TCH,0,2,2
Gymnastics Women's Balance Beam,NED,0,0,1
Gymnastics Women's Balance Beam,ROU,0,0,6
Gymnastics Women's Balance Beam,HUN,0,0,1
Gymnastics Women's Balance Beam,EUN,0,0,1
Volleyball Women's Volleyball,PRK,11,0,0
Volleyball Women's Volleyball,CHN,0,9,34
Volleyball Women's Volleyball,USA,0,36,0
Volleyball Women's Volleyball,RUS,0,22,0
Volleyball Women's Volleyball,URS,0,24,46
Volleyball Women's Volleyball,EUN,0,8,0
Volleyball Women's Volleyball,JPN,0,21,24
Volleyball Women's Volleyball,GDR,0,12,0
Volleyball Women's Volleyball,PER,0,12,0
Volleyball Women's Volleyball,SRB,0,12,0
Volleyball Women's Volleyball,CUB,0,0,28
Volleyball Women's Volleyball,BRA,0,0,24
"Shooting Women's Small-Bore Rifle, Three Positions, 50 metres",CZE,1,1,0
"Shooting Women's Small-Bore Rifle, Three Positions, 50 metres",CHN,0,1,2
"Shooting Women's Small-Bore Rifle, Three Positions, 50 metres",BUL,0,2,0
"Shooting Women's Small-Bore Rifle, Three Positions, 50 metres",ITA,0,1,0
"Shooting Women's Small-Bore Rifle, Three Positions, 50 metres",RUS,0,2,1
"Shooting Women's Small-Bore Rifle, Three Positions, 50 metres",FRG,0,1,1
"Shooting Women's Small-Bore Rifle, Three Positions, 50 metres",SRB,0,1,0
"Shooting Women's Small-Bore Rifle, Three Positions, 50 metres",USA,0,0,2
"Shooting Women's Small-Bore Rifle, Three Positions, 50 metres",GER,0,0,1
"Shooting Women's Small-Bore Rifle, Three Positions, 50 metres",POL,0,0,1
"Shooting Women's Small-Bore Rifle, Three Positions, 50 metres",SCG,0,0,1
Rowing Women's Single Sculls,GDR,1,0,2
Rowing Women's Single Sculls,DEN,0,1,0
Rowing Women's Single Sculls,USA,0,5,0
Rowing Women's Single Sculls,BUL,0,1,1
Rowing Women's Single Sculls,BLR,0,1,2
Rowing Women's Single Sculls,URS,0,1,0
Rowing Women's Single Sculls,CAN,0,1,0
Rowing Women's Single Sculls,BEL,0,1,0
Rowing Women's Single Sculls,ROU,0,0,3
Rowing Women's Single Sculls,GER,0,0,1
Rowing Women's Single Sculls,AUS,0,0,1
Rowing Women's Single Sculls,CZE,0,0,1
Golf Women's Individual,USA,1,1,1
Golf Women's Individual,NZL,0,1,0
Golf Women's Individual,KOR,0,0,1
Swimming Women's 100 metres Backstroke,NZL,1,0,0
Swimming Women's 100 metres Backstroke,NED,0,2,2
Swimming Women's 100 metres Backstroke,USA,0,5,11
Swimming Women's 100 metres Backstroke,FRA,0,1,0
Swimming Women's 100 metres Backstroke,HUN,0,3,2
Swimming Women's 100 metres Backstroke,CAN,0,1,0
Swimming Women's 100 metres Backstroke,AUS,0,2,0
Swimming Women's 100 metres Backstroke,JPN,0,1,0
Swimming Women's 100 metres Backstroke,GDR,0,2,3
Swimming Women's 100 metres Backstroke,GBR,0,3,1
Swimming Women's 100 metres Backstroke,ZIM,0,2,0
Swimming Women's 100 metres Backstroke,DEN,0,0,1
Swimming Women's 100 metres Backstroke,ROU,0,0,1
Swimming Women's 100 metres Backstroke,RSA,0,0,1
Shooting Women's Trap,KOR,1,0,0
Shooting Women's Trap,FRA,0,1,0
Shooting Women's Trap,ESP,0,1,0
Shooting Women's Trap,NZL,0,1,0
Shooting Women's Trap,SVK,0,2,0
Shooting Women's Trap,FIN,0,0,1
Shooting Women's Trap,ITA,0,0,1
Shooting Women's Trap,AUS,0,0,2
Shooting Women's Trap,LTU,0,0,1
Shooting Women's Double Trap,AUS,1,0,0
Shooting Women's Double Trap,ITA,0,1,0
Shooting Women's Double Trap,GER,0,1,0
Shooting Women's Double Trap,KOR,0,1,0
Shooting Women's Double Trap,USA,0,0,2
Shooting Women's Double Trap,SWE,0,0,1
Judo Women's Extra-Lightweight,JPN,2,2,2
Judo Women's Extra-Lightweight,ROU,0,1,1
Judo Women's Extra-Lightweight,FRA,0,1,1
Judo Women's Extra-Lightweight,RUS,0,1,0
Judo Women's Extra-Lightweight,CUB,0,1,0
Judo Women's Extra-Lightweight,KOR,0,1,0
Judo Women's Extra-Lightweight,ARG,0,0,1
Judo Women's Extra-Lightweight,BRA,0,0,1
Judo Women's Extra-Lightweight,PRK,0,0,1
"Shooting Women's Air Rifle, 10 metres",IOA,1,0,0
"Shooting Women's Air Rifle, 10 metres",CHN,0,1,2
"Shooting Women's Air Rifle, 10 metres",BUL,0,1,0
"Shooting Women's Air Rifle, 10 metres",ITA,0,1,0
"Shooting Women's Air Rifle, 10 metres",RUS,0,2,0
"Shooting Women's Air Rifle, 10 metres",GER,0,1,0
"Shooting Women's Air Rifle, 10 metres",FRG,0,1,0
"Shooting Women's Air Rifle, 10 metres",POL,0,1,1
"Shooting Women's Air Rifle, 10 metres",KOR,0,1,1
"Shooting Women's Air Rifle, 10 metres",USA,0,0,3
"Shooting Women's Air Rifle, 10 metres",URS,0,0,1
"Shooting Women's Air Rifle, 10 metres",CZE,0,0,1
Badminton Women's Doubles,KOR,6,4,2
Badminton Women's Doubles,CHN,0,6,10
Badminton Women's Doubles,DEN,0,2,0
Badminton Women's Doubles,JPN,0,2,2
Athletics Women's Shot Put,AUT,1,0,0
Athletics Women's Shot Put,CHN,0,2,0
Athletics Women's Shot Put,ROU,0,1,0
Athletics Women's Shot Put,ITA,0,1,0
Athletics Women's Shot Put,RUS,0,2,0
Athletics Women's Shot Put,BLR,0,1,1
Athletics Women's Shot Put,URS,0,3,6
Athletics Women's Shot Put,GER,0,4,1
Athletics Women's Shot Put,GDR,0,3,2
Athletics Women's Shot Put,NZL,0,1,2
Athletics Women's Shot Put,USA,0,0,1
Athletics Women's Shot Put,FRA,0,0,1
Athletics Women's Shot Put,BUL,0,0,1
Athletics Women's Shot Put,CUB,0,0,1
Athletics Women's Shot Put,EUN,0,0,1
Athletics Women's Shot Put,FRG,0,0,1
Synchronized Swimming Women's Team,JPN,17,18,0
Synchronized Swimming Women's Team,CHN,0,18,0
Synchronized Swimming Women's Team,ESP,0,8,0
Synchronized Swimming Women's Team,CAN,0,9,0
Synchronized Swimming Women's Team,USA,0,0,10
Synchronized Swimming Women's Team,RUS,0,0,44
Rowing Women's Double Sculls,LTU,4,0,0
Rowing Women's Double Sculls,CHN,0,2,0
Rowing Women's Double Sculls,NED,0,4,0
Rowing Women's Double Sculls,ROU,0,5,2
Rowing Women's Double Sculls,GER,0,4,4
Rowing Women's Double Sculls,AUS,0,2,0
Rowing Women's Double Sculls,GDR,0,4,2
Rowing Women's Double Sculls,GBR,0,2,2
Rowing Women's Double Sculls,BUL,0,0,2
Rowing Women's Double Sculls,URS,0,0,2
Rowing Women's Double Sculls,CAN,0,0,2
Rowing Women's Double Sculls,POL,0,0,2
Rowing Women's Double Sculls,NZL,0,0,4
Cycling Women's Sprint,GBR,1,2,1
Cycling Women's Sprint,RUS,0,2,0
Cycling Women's Sprint,GER,0,1,1
Cycling Women's Sprint,AUS,0,2,1
Cycling Women's Sprint,GDR,0,1,0
Cycling Women's Sprint,EST,0,0,1
Cycling Women's Sprint,FRA,0,0,2
Cycling Women's Sprint,URS,0,0,1
Cycling Women's Sprint,CAN,0,0,1
Freestyle Skiing Women's Aerials,SUI,1,0,1
Freestyle Skiing Women's Aerials,CHN,0,4,0
Freestyle Skiing Women's Aerials,CAN,0,1,0
Freestyle Skiing Women's Aerials,SWE,0,1,0
Freestyle Skiing Women's Aerials,USA,0,0,1
Freestyle Skiing Women's Aerials,BLR,0,0,1
Freestyle Skiing Women's Aerials,AUS,0,0,2
Freestyle Skiing Women's Aerials,UZB,0,0,1
Table Tennis Women's Doubles,PRK,2,0,0
Table Tennis Women's Doubles,CHN,0,8,8
Table Tennis Women's Doubles,KOR,0,2,2
Table Tennis Women's Singles,TPE,1,1,0
Table Tennis Women's Singles,CHN,0,6,8
Table Tennis Women's Singles,PRK,0,1,0
Rowing Women's Coxed Eights,CAN,9,18,9
Rowing Women's Coxed Eights,NED,0,18,0
Rowing Women's Coxed Eights,USA,0,9,36
Rowing Women's Coxed Eights,ROU,0,29,27
Rowing Women's Coxed Eights,URS,0,18,0
Rowing Women's Coxed Eights,GBR,0,9,0
Rowing Women's Coxed Eights,GDR,0,0,27
Trampolining Women's Individual,UZB,1,0,0
Trampolining Women's Individual,CHN,0,1,1
Trampolining Women's Individual,CAN,0,2,2
Trampolining Women's Individual,UKR,0,1,0
Trampolining Women's Individual,GBR,0,1,0
Trampolining Women's Individual,RUS,0,0,1
Trampolining Women's Individual,GER,0,0,1
Badminton Women's Singles,JPN,1,0,0
Badminton Women's Singles,CHN,0,2,4
Badminton Women's Singles,DEN,0,1,0
Badminton Women's Singles,NED,0,1,0
Badminton Women's Singles,IND,0,1,0
Badminton Women's Singles,INA,0,1,1
Badminton Women's Singles,KOR,0,1,1
Badminton Women's Singles,ESP,0,0,1
Rowing Women's Lightweight Double Sculls,AUS,2,0,0
Rowing Women's Lightweight Double Sculls,CHN,0,2,0
Rowing Women's Lightweight Double Sculls,USA,0,2,0
Rowing Women's Lightweight Double Sculls,FIN,0,2,0
Rowing Women's Lightweight Double Sculls,GER,0,4,0
Rowing Women's Lightweight Double Sculls,CAN,0,2,0
Rowing Women's Lightweight Double Sculls,NED,0,0,4
Rowing Women's Lightweight Double Sculls,ROU,0,0,6
Rowing Women's Lightweight Double Sculls,GBR,0,0,2
Synchronized Swimming Women's Duet,JPN,10,4,0
Synchronized Swimming Women's Duet,CHN,0,2,0
Synchronized Swimming Women's Duet,USA,0,2,4
Synchronized Swimming Women's Duet,ESP,0,4,0
Synchronized Swimming Women's Duet,CAN,0,4,2
Synchronized Swimming Women's Duet,RUS,0,0,10
Cycling Women's 500 metres Time Trial,BLR,1,0,0
Cycling Women's 500 metres Time Trial,CHN,0,1,0
Cycling Women's 500 metres Time Trial,AUS,0,1,1
Cycling Women's 500 metres Time Trial,FRA,0,0,1
Athletics Women's 10 kilometres Walk,CHN,2,0,1
Athletics Women's 10 kilometres Walk,ITA,0,1,0
Athletics Women's 10 kilometres Walk,EUN,0,1,0
Athletics Women's 10 kilometres Walk,RUS,0,0,1
Boxing Women's Middleweight,KAZ,2,0,0
Boxing Women's Middleweight,NED,0,1,0
Boxing Women's Middleweight,RUS,0,1,0
Boxing Women's Middleweight,USA,0,0,2
"Fencing Women's epee, Team",RUS,7,0,8
"Fencing Women's epee, Team",CHN,0,4,4
"Fencing Women's epee, Team",ITA,0,3,0
"Fencing Women's epee, Team",GER,0,3,0
"Fencing Women's epee, Team",SUI,0,3,0
"Fencing Women's epee, Team",KOR,0,4,0
"Fencing Women's epee, Team",ROU,0,0,4
"Fencing Women's epee, Team",FRA,0,0,3
Swimming Women's 400 metres Individual Medley,POL,1,0,0
Swimming Women's 400 metres Individual Medley,CHN,0,1,1
Swimming Women's 400 metres Individual Medley,USA,0,6,4
Swimming Women's 400 metres Individual Medley,ROU,0,1,0
Swimming Women's 400 metres Individual Medley,CAN,0,2,0
Swimming Women's 400 metres Individual Medley,AUS,0,1,2
Swimming Women's 400 metres Individual Medley,JPN,0,1,0
Swimming Women's 400 metres Individual Medley,GBR,0,1,0
Swimming Women's 400 metres Individual Medley,ZIM,0,1,0
Swimming Women's 400 metres Individual Medley,HUN,0,0,2
Swimming Women's 400 metres Individual Medley,IRL,0,0,1
Swimming Women's 400 metres Individual Medley,GDR,0,0,2
Swimming Women's 400 metres Individual Medley,UKR,0,0,2
Athletics Women's Discus Throw,CZE,1,0,0
Athletics Women's Discus Throw,USA,0,3,2
Athletics Women's Discus Throw,ROU,0,1,1
Athletics Women's Discus Throw,FRA,0,1,1
Athletics Women's Discus Throw,BUL,0,3,0
Athletics Women's Discus Throw,ITA,0,1,0
Athletics Women's Discus Throw,RUS,0,2,1
Athletics Women's Discus Throw,CUB,0,1,1
Athletics Women's Discus Throw,GRE,0,2,0
Athletics Women's Discus Throw,URS,0,3,4
Athletics Women's Discus Throw,GER,0,1,2
Athletics Women's Discus Throw,FRG,0,1,0
Athletics Women's Discus Throw,GDR,0,1,3
Athletics Women's Discus Throw,POL,0,1,1
Athletics Women's Discus Throw,NED,0,0,1
Athletics Women's Discus Throw,BLR,0,0,1
Athletics Women's Discus Throw,CRO,0,0,2
Athletics Women's Discus Throw,TCH,0,0,1
Judo Women's Half-Lightweight,PRK,1,1,1
Judo Women's Half-Lightweight,ITA,0,1,0
Judo Women's Half-Lightweight,CUB,0,1,1
Judo Women's Half-Lightweight,JPN,0,3,0
Judo Women's Half-Lightweight,KOR,0,1,0
Judo Women's Half-Lightweight,CHN,0,0,2
Judo Women's Half-Lightweight,FRA,0,0,1
Judo Women's Half-Lightweight,ESP,0,0,1
Judo Women's Half-Lightweight,KOS,0,0,1
Swimming Women's 200 metres Individual Medley,ZIM,1,1,0
Swimming Women's 200 metres Individual Medley,USA,0,4,2
Swimming Women's 200 metres Individual Medley,ROU,0,1,0
Swimming Women's 200 metres Individual Medley,URS,0,1,0
Swimming Women's 200 metres Individual Medley,CAN,0,1,0
Swimming Women's 200 metres Individual Medley,AUS,0,1,2
Swimming Women's 200 metres Individual Medley,GDR,0,1,1
Swimming Women's 200 metres Individual Medley,GBR,0,1,0
Swimming Women's 200 metres Individual Medley,CHN,0,0,2
Swimming Women's 200 metres Individual Medley,HUN,0,0,1
Swimming Women's 200 metres Individual Medley,IRL,0,0,1
Swimming Women's 200 metres Individual Medley,UKR,0,0,2
Gymnastics Women's Individual All-Around,HUN,1,1,0
Gymnastics Women's Individual All-Around,USA,0,3,5
Gymnastics Women's Individual All-Around,ROU,0,5,2
Gymnastics Women's Individual All-Around,RUS,0,2,0
Gymnastics Women's Individual All-Around,URS,0,5,6
Gymnastics Women's Individual All-Around,GDR,0,2,0
Gymnastics Women's Individual All-Around,EUN,0,0,1
Gymnastics Women's Individual All-Around,UKR,0,0,1
Gymnastics Women's Individual All-Around,TCH,0,0,2
Curling Women's Curling,GBR,4,0,5
Curling Women's Curling,DEN,0,5,0
Curling Women's Curling,CAN,0,5,9
Curling Women's Curling,SUI,0,9,0
Curling Women's Curling,SWE,0,4,8
Athletics Women's 20 kilometres Walk,AUS,1,0,0
Athletics Women's 20 kilometres Walk,NOR,0,2,0
Athletics Women's 20 kilometres Walk,RUS,0,2,2
Athletics Women's 20 kilometres Walk,MEX,0,1,0
Athletics Women's 20 kilometres Walk,CHN,0,0,2
Athletics Women's 20 kilometres Walk,GRE,0,0,1
Swimming Women's 200 metres Freestyle,CRC,1,1,1
Swimming Women's 200 metres Freestyle,USA,0,4,5
Swimming Women's 200 metres Freestyle,FRA,0,1,0
Swimming Women's 200 metres Freestyle,ITA,0,1,1
Swimming Women's 200 metres Freestyle,GER,0,2,0
Swimming Women's 200 metres Freestyle,GDR,0,1,3
Swimming Women's 200 metres Freestyle,SWE,0,1,0
Swimming Women's 200 metres Freestyle,SLO,0,1,0
Swimming Women's 200 metres Freestyle,SVK,0,1,0
Swimming Women's 200 metres Freestyle,ROU,0,0,1
Swimming Women's 200 metres Freestyle,AUS,0,0,2
Swimming Women's 100 metres Butterfly,GDR,1,4,3
Swimming Women's 100 metres Butterfly,CHN,0,2,1
Swimming Women's 100 metres Butterfly,NED,0,2,1
Swimming Women's 100 metres Butterfly,USA,0,5,6
Swimming Women's 100 metres Butterfly,CAN,0,1,0
Swimming Women's 100 metres Butterfly,POL,0,1,0
Swimming Women's 100 metres Butterfly,SVK,0,1,0
Swimming Women's 100 metres Butterfly,AUS,0,0,3
Swimming Women's 100 metres Butterfly,JPN,0,0,1
Swimming Women's 100 metres Butterfly,SWE,0,0,1
Judo Women's Middleweight,KOR,1,0,1
Judo Women's Middleweight,NED,0,1,0
Judo Women's Middleweight,ITA,0,1,0
Judo Women's Middleweight,CUB,0,1,2
Judo Women's Middleweight,GER,0,1,0
Judo Women's Middleweight,GBR,0,1,0
Judo Women's Middleweight,POL,0,1,0
Judo Women's Middleweight,COL,0,1,0
Judo Women's Middleweight,FRA,0,0,1
Judo Women's Middleweight,JPN,0,0,3
"Athletics Women's 1,500 metres",AUT,1,0,0
"Athletics Women's 1,500 metres",ROU,0,3,1
"Athletics Women's 1,500 metres",RUS,0,1,1
"Athletics Women's 1,500 metres",TUR,0,1,1
"Athletics Women's 1,500 metres",URS,0,1,3
"Athletics Women's 1,500 metres",ETH,0,1,0
"Athletics Women's 1,500 metres",EUN,0,1,0
"Athletics Women's 1,500 metres",GDR,0,3,0
"Athletics Women's 1,500 metres",UKR,0,1,0
"Athletics Women's 1,500 metres",ITA,0,0,1
"Athletics Women's 1,500 metres",ALG,0,0,2
"Athletics Women's 1,500 metres",KEN,0,0,2
"Athletics Women's 1,500 metres",GBR,0,0,1
Boxing Women's Flyweight,COL,1,0,0
Boxing Women's Flyweight,CHN,0,1,0
Boxing Women's Flyweight,FRA,0,1,0
Boxing Women's Flyweight,GBR,0,0,2
Speed Skating Women's 500 metres,GDR,1,2,2
Speed Skating Women's 500 metres,CHN,0,2,0
Speed Skating Women's 500 metres,USA,0,4,5
Speed Skating Women's 500 metres,RUS,0,1,1
Speed Skating Women's 500 metres,URS,0,3,2
Speed Skating Women's 500 metres,GER,0,2,1
Speed Skating Women's 500 metres,CAN,0,3,2
Speed Skating Women's 500 metres,KOR,0,0,2
Figure Skating Mixed Pairs,AUT,1,2,2
Figure Skating Mixed Pairs,CHN,0,2,1
Figure Skating Mixed Pairs,USA,0,3,0
Figure Skating Mixed Pairs,FIN,0,1,1
Figure Skating Mixed Pairs,NOR,0,1,0
Figure Skating Mixed Pairs,RUS,0,3,5
Figure Skating Mixed Pairs,URS,0,4,7
Figure Skating Mixed Pairs,HUN,0,1,0
Figure Skating Mixed Pairs,GER,0,2,3
Figure Skating Mixed Pairs,CAN,0,2,2
Figure Skating Mixed Pairs,EUN,0,1,1
Figure Skating Mixed Pairs,GDR,0,1,0
Figure Skating Mixed Pairs,GBR,0,1,0
Figure Skating Mixed Pairs,FRA,0,0,2
Figure Skating Mixed Pairs,BEL,0,0,1
Swimming Women's 200 metres Breaststroke,GBR,2,0,2
Swimming Women's 200 metres Breaststroke,CHN,0,2,0
Swimming Women's 200 metres Breaststroke,NED,0,1,1
Swimming Women's 200 metres Breaststroke,USA,0,6,4
Swimming Women's 200 metres Breaststroke,RUS,0,1,0
Swimming Women's 200 metres Breaststroke,URS,0,2,3
Swimming Women's 200 metres Breaststroke,HUN,0,2,2
Swimming Women's 200 metres Breaststroke,GER,0,2,2
Swimming Women's 200 metres Breaststroke,AUS,0,3,2
Swimming Women's 200 metres Breaststroke,JPN,0,2,3
Swimming Women's 200 metres Breaststroke,YUG,0,1,0
Swimming Women's 200 metres Breaststroke,CAN,0,0,1
Swimming Women's 200 metres Breaststroke,RSA,0,0,1
Swimming Women's 200 metres Breaststroke,GDR,0,0,1
Judo Women's Heavyweight,KOR,1,0,0
Judo Women's Heavyweight,CUB,0,5,1
Judo Women's Heavyweight,JPN,0,2,1
Judo Women's Heavyweight,CHN,0,0,4
Judo Women's Heavyweight,FRA,0,0,1
Badminton Mixed Doubles,GBR,1,1,0
Badminton Mixed Doubles,CHN,0,1,3
Badminton Mixed Doubles,MAS,0,1,0
Badminton Mixed Doubles,INA,0,2,1
Badminton Mixed Doubles,KOR,0,1,2
"Wrestling Women's Flyweight, Freestyle",UKR,1,0,1
"Wrestling Women's Flyweight, Freestyle",AZE,0,2,0
"Wrestling Women's Flyweight, Freestyle",JPN,0,2,2
"Wrestling Women's Flyweight, Freestyle",CAN,0,0,1
"Fencing Women's epee, Individual",HUN,2,0,3
"Fencing Women's epee, Individual",ROU,0,1,0
"Fencing Women's epee, Individual",FRA,0,2,1
"Fencing Women's epee, Individual",ITA,0,1,0
"Fencing Women's epee, Individual",GER,0,1,1
"Fencing Women's epee, Individual",SUI,0,1,0
"Fencing Women's epee, Individual",UKR,0,0,1
Swimming Women's 100 metres Freestyle,GBR,3,0,0
Swimming Women's 100 metres Freestyle,CHN,0,1,2
Swimming Women's 100 metres Freestyle,NED,0,3,3
Swimming Women's 100 metres Freestyle,USA,0,9,9
Swimming Women's 100 metres Freestyle,ARG,0,1,0
Swimming Women's 100 metres Freestyle,BLR,0,1,0
Swimming Women's 100 metres Freestyle,GER,0,1,1
Swimming Women's 100 metres Freestyle,AUS,0,2,4
Swimming Women's 100 metres Freestyle,GDR,0,2,3
Swimming Women's 100 metres Freestyle,SWE,0,1,0
Swimming Women's 100 metres Freestyle,ANZ,0,1,1
Swimming Women's 100 metres Freestyle,DEN,0,0,1
Swimming Women's 100 metres Freestyle,HUN,0,0,1
Swimming Women's 100 metres Freestyle,CAN,0,0,1
Short Track Speed Skating Women's 500 metres,PRK,1,0,0
Short Track Speed Skating Women's 500 metres,CHN,0,3,4
Short Track Speed Skating Women's 500 metres,BUL,0,2,0
Short Track Speed Skating Women's 500 metres,ITA,0,1,0
Short Track Speed Skating Women's 500 metres,CAN,0,1,1
Short Track Speed Skating Women's 500 metres,USA,0,0,2
"Short Track Speed Skating Women's 1,500 metres",KOR,1,4,2
"Short Track Speed Skating Women's 1,500 metres",CHN,0,0,2
Diving Women's Platform,SWE,1,1,1
Diving Women's Platform,CHN,0,3,7
Diving Women's Platform,USA,0,9,8
Diving Women's Platform,URS,0,2,1
Diving Women's Platform,GER,0,2,1
Diving Women's Platform,CAN,0,1,0
Diving Women's Platform,AUS,0,1,1
Diving Women's Platform,EUN,0,1,0
Diving Women's Platform,TCH,0,1,1
Diving Women's Platform,GDR,0,0,1
Diving Women's Springboard,GBR,1,0,0
Diving Women's Springboard,CHN,0,5,8
Diving Women's Springboard,USA,0,10,11
Diving Women's Springboard,FRA,0,1,0
Diving Women's Springboard,RUS,0,2,0
Diving Women's Springboard,URS,0,1,1
Diving Women's Springboard,EUN,0,1,0
Diving Women's Springboard,GDR,0,2,0
Diving Women's Springboard,SWE,0,1,0
Diving Women's Springboard,GER,0,0,2
Diving Women's Springboard,CAN,0,0,1
Sailing Women's One Person Dinghy,BEL,1,0,0
Sailing Women's One Person Dinghy,NED,0,3,1
Sailing Women's One Person Dinghy,ESP,0,1,0
Sailing Women's One Person Dinghy,IRL,0,1,0
Sailing Women's One Person Dinghy,CZE,0,1,0
Sailing Women's One Person Dinghy,LTU,0,1,0
Sailing Women's One Person Dinghy,CHN,0,0,1
Sailing Women's One Person Dinghy,DEN,0,0,1
Sailing Women's One Person Dinghy,USA,0,0,1
Sailing Women's One Person Dinghy,NOR,0,0,2
Sailing Women's One Person Dinghy,GBR,0,0,1
Judo Women's Lightweight,POR,1,0,0
Judo Women's Lightweight,NED,0,1,0
Judo Women's Lightweight,ROU,0,1,0
Judo Women's Lightweight,CUB,0,1,1
Judo Women's Lightweight,GBR,0,1,0
Judo Women's Lightweight,MGL,0,1,0
Judo Women's Lightweight,KOR,0,1,0
Judo Women's Lightweight,PRK,0,1,0
Judo Women's Lightweight,ESP,0,0,2
Judo Women's Lightweight,ITA,0,0,1
Judo Women's Lightweight,GER,0,0,1
Judo Women's Lightweight,JPN,0,0,1
Judo Women's Lightweight,BRA,0,0,1
Beach Volleyball Women's Beach Volleyball,BRA,4,8,2
Beach Volleyball Women's Beach Volleyball,CHN,0,2,0
Beach Volleyball Women's Beach Volleyball,USA,0,2,6
Beach Volleyball Women's Beach Volleyball,GER,0,0,2
Beach Volleyball Women's Beach Volleyball,AUS,0,0,2
Tennis Women's Doubles,CZE,2,4,0
Tennis Women's Doubles,NED,0,2,0
Tennis Women's Doubles,ESP,0,6,0
Tennis Women's Doubles,SUI,0,2,0
Tennis Women's Doubles,GBR,0,4,2
Tennis Women's Doubles,TCH,0,2,0
Tennis Women's Doubles,CHN,0,0,2
Tennis Women's Doubles,USA,0,0,14
Tennis Women's Doubles,RUS,0,0,2
"Short Track Speed Skating Women's 1,000 metres",KOR,4,1,4
"Short Track Speed Skating Women's 1,000 metres",CHN,0,3,2
"Short Track Speed Skating Women's 1,000 metres",USA,0,1,0
"Short Track Speed Skating Women's 1,000 metres",CAN,0,1,0
Gymnastics Women's Uneven Bars,GBR,1,0,0
Gymnastics Women's Uneven Bars,CHN,0,3,3
Gymnastics Women's Uneven Bars,USA,0,4,1
Gymnastics Women's Uneven Bars,ROU,0,2,2
Gymnastics Women's Uneven Bars,URS,0,4,2
Gymnastics Women's Uneven Bars,HUN,0,1,2
Gymnastics Women's Uneven Bars,EUN,0,1,0
Gymnastics Women's Uneven Bars,GDR,0,3,2
Gymnastics Women's Uneven Bars,FRA,0,0,1
Gymnastics Women's Uneven Bars,RUS,0,0,4
Gymnastics Women's Uneven Bars,TCH,0,0,1
"Speed Skating Women's 1,000 metres",GDR,1,2,2
"Speed Skating Women's 1,000 metres",CHN,0,1,1
"Speed Skating Women's 1,000 metres",NED,0,3,3
"Speed Skating Women's 1,000 metres",USA,0,3,3
"Speed Skating Women's 1,000 metres",URS,0,2,4
"Speed Skating Women's 1,000 metres",GER,0,3,0
"Speed Skating Women's 1,000 metres",CAN,0,1,1
"Speed Skating Women's 1,000 metres",FRG,0,0,1
Judo Women's Half-Middleweight,PRK,1,0,0
Judo Women's Half-Middleweight,CHN,0,2,0
Judo Women's Half-Middleweight,FRA,0,2,2
Judo Women's Half-Middleweight,BEL,0,1,0
Judo Women's Half-Middleweight,ISR,0,1,0
Judo Women's Half-Middleweight,AUT,0,1,0
Judo Women's Half-Middleweight,JPN,0,0,3
Judo Women's Half-Middleweight,SLO,0,0,2
"Wrestling Women's Heavyweight, Freestyle",POL,1,0,0
"Wrestling Women's Heavyweight, Freestyle",BUL,0,2,0
"Wrestling Women's Heavyweight, Freestyle",RUS,0,1,1
"Wrestling Women's Heavyweight, Freestyle",KAZ,0,1,0
"Wrestling Women's Heavyweight, Freestyle",CHN,0,0,2
"Wrestling Women's Heavyweight, Freestyle",CAN,0,0,1
Athletics Women's Hammer Throw,GBR,1,0,0
Athletics Women's Hammer Throw,CHN,0,1,0
Athletics Women's Hammer Throw,RUS,0,1,2
Athletics Women's Hammer Throw,CUB,0,2,0
Athletics Women's Hammer Throw,POL,0,1,2
Athletics Women's Hammer Throw,BLR,0,0,1
Athletics Women's Marathon,POR,1,0,1
Athletics Women's Marathon,NOR,0,1,0
Athletics Women's Marathon,ROU,0,1,1
Athletics Women's Marathon,RUS,0,1,0
Athletics Women's Marathon,BRN,0,1,0
Athletics Women's Marathon,AUS,0,1,0
Athletics Women's Marathon,JPN,0,1,2
Athletics Women's Marathon,KEN,0,3,1
Athletics Women's Marathon,USA,0,0,1
Athletics Women's Marathon,ETH,0,0,2
Athletics Women's Marathon,EUN,0,0,1
Rowing Women's Coxless Pairs,NZL,4,2,0
Rowing Women's Coxless Pairs,CHN,0,2,0
Rowing Women's Coxless Pairs,USA,0,2,0
Rowing Women's Coxless Pairs,BUL,0,2,2
Rowing Women's Coxless Pairs,GER,0,2,0
Rowing Women's Coxless Pairs,CAN,0,2,2
Rowing Women's Coxless Pairs,AUS,0,4,2
Rowing Women's Coxless Pairs,GDR,0,2,2
Rowing Women's Coxless Pairs,GBR,0,2,4
Rowing Women's Coxless Pairs,POL,0,2,0
Rowing Women's Coxless Pairs,ROU,0,0,10
Athletics Women's Javelin Throw,AUT,1,0,1
Athletics Women's Javelin Throw,FIN,0,2,1
Athletics Women's Javelin Throw,ROU,0,1,1
Athletics Women's Javelin Throw,RUS,0,1,0
Athletics Women's Javelin Throw,GRE,0,1,0
Athletics Women's Javelin Throw,CHI,0,1,0
Athletics Women's Javelin Throw,URS,0,2,2
Athletics Women's Javelin Throw,HUN,0,1,1
Athletics Women's Javelin Throw,GER,0,4,2
Athletics Women's Javelin Throw,AUS,0,1,0
Athletics Women's Javelin Throw,RSA,0,1,0
Athletics Women's Javelin Throw,EUN,0,1,0
Athletics Women's Javelin Throw,FRG,0,1,0
Athletics Women's Javelin Throw,GDR,0,1,3
Athletics Women's Javelin Throw,GBR,0,1,1
Athletics Women's Javelin Throw,TCH,0,1,1
Athletics Women's Javelin Throw,USA,0,0,1
Athletics Women's Javelin Throw,NOR,0,0,1
Athletics Women's Javelin Throw,CUB,0,0,2
Athletics Women's Javelin Throw,CRO,0,0,1
Athletics Women's Javelin Throw,CZE,0,0,2
Rowing Women's Coxed Quadruple Sculls,BUL,5,0,0
Rowing Women's Coxed Quadruple Sculls,USA,0,5,0
Rowing Women's Coxed Quadruple Sculls,URS,0,11,0
Rowing Women's Coxed Quadruple Sculls,ROU,0,0,5
Rowing Women's Coxed Quadruple Sculls,GDR,0,0,11
Swimming Women's 800 metres Freestyle,GBR,2,1,1
Swimming Women's 800 metres Freestyle,USA,0,3,9
Swimming Women's 800 metres Freestyle,FRA,0,1,0
Swimming Women's 800 metres Freestyle,ESP,0,1,0
Swimming Women's 800 metres Freestyle,ITA,0,1,0
Swimming Women's 800 metres Freestyle,GER,0,1,0
Swimming Women's 800 metres Freestyle,AUS,0,2,1
Swimming Women's 800 metres Freestyle,GDR,0,2,1
Swimming Women's 800 metres Freestyle,UKR,0,1,0
Swimming Women's 800 metres Freestyle,JPN,0,0,1
Sailing Women's Skiff,DEN,2,0,0
Sailing Women's Skiff,NZL,0,2,0
Sailing Women's Skiff,BRA,0,0,2
"Fencing Women's Foil, Individual",AUT,2,0,1
"Fencing Women's Foil, Individual",CHN,0,1,1
"Fencing Women's Foil, Individual",DEN,0,1,1
"Fencing Women's Foil, Individual",ROU,0,1,1
"Fencing Women's Foil, Individual",ITA,0,5,7
"Fencing Women's Foil, Individual",MEX,0,1,0
"Fencing Women's Foil, Individual",URS,0,1,1
"Fencing Women's Foil, Individual",HUN,0,3,4
"Fencing Women's Foil, Individual",GER,0,3,2
"Fencing Women's Foil, Individual",FRG,0,2,1
"Fencing Women's Foil, Individual",GBR,0,3,1
"Fencing Women's Foil, Individual",KOR,0,1,0
"Fencing Women's Foil, Individual",FRA,0,0,1
"Fencing Women's Foil, Individual",RUS,0,0,1
Sailing Women's Three Person Keelboat,GRE,3,0,0
Sailing Women's Three Person Keelboat,NED,0,3,0
Sailing Women's Three Person Keelboat,AUS,0,3,0
Sailing Women's Three Person Keelboat,UKR,0,3,0
Sailing Women's Three Person Keelboat,ESP,0,0,3
Sailing Women's Three Person Keelboat,GBR,0,0,6
"Equestrianism Mixed Dressage, Team",SWE,6,0,0
"Equestrianism Mixed Dressage, Team",NED,0,12,0
"Equestrianism Mixed Dressage, Team",ESP,0,1,0
"Equestrianism Mixed Dressage, Team",URS,0,1,2
"Equestrianism Mixed Dressage, Team",GER,0,6,17
"Equestrianism Mixed Dressage, Team",SUI,0,6,0
"Equestrianism Mixed Dressage, Team",FRG,0,2,5
"Equestrianism Mixed Dressage, Team",GBR,0,2,2
Swimming Women's 100 metres Breaststroke,AUT,1,0,0
Swimming Women's 100 metres Breaststroke,USA,0,4,3
Swimming Women's 100 metres Breaststroke,BUL,0,1,1
Swimming Women's 100 metres Breaststroke,RUS,0,1,0
Swimming Women's 100 metres Breaststroke,URS,0,4,0
Swimming Women's 100 metres Breaststroke,CAN,0,1,0
Swimming Women's 100 metres Breaststroke,AUS,0,2,1
Swimming Women's 100 metres Breaststroke,CHN,0,0,1
Swimming Women's 100 metres Breaststroke,NED,0,0,1
Swimming Women's 100 metres Breaststroke,RSA,0,0,1
Swimming Women's 100 metres Breaststroke,EUN,0,0,1
Swimming Women's 100 metres Breaststroke,GDR,0,0,2
Swimming Women's 100 metres Breaststroke,LTU,0,0,1
Swimming Women's 100 metres Breaststroke,YUG,0,0,1
"Canoeing Women's Kayak Singles, 500 metres",AUT,1,1,0
"Canoeing Women's Kayak Singles, 500 metres",DEN,0,1,1
"Canoeing Women's Kayak Singles, 500 metres",NED,0,2,0
"Canoeing Women's Kayak Singles, 500 metres",ROU,0,1,0
"Canoeing Women's Kayak Singles, 500 metres",BUL,0,1,1
"Canoeing Women's Kayak Singles, 500 metres",ITA,0,2,1
"Canoeing Women's Kayak Singles, 500 metres",URS,0,1,5
"Canoeing Women's Kayak Singles, 500 metres",HUN,0,1,4
"Canoeing Women's Kayak Singles, 500 metres",GER,0,2,1
"Canoeing Women's Kayak Singles, 500 metres",CAN,0,2,0
"Canoeing Women's Kayak Singles, 500 metres",FRG,0,2,0
"Canoeing Women's Kayak Singles, 500 metres",GDR,0,1,2
"Canoeing Women's Kayak Singles, 500 metres",UKR,0,1,1
"Canoeing Women's Kayak Singles, 500 metres",FIN,0,0,1
"Canoeing Women's Kayak Singles, 500 metres",SWE,0,0,1
Hockey Women's Hockey,GBR,32,0,16
Hockey Women's Hockey,CHN,0,16,0
Hockey Women's Hockey,NED,0,32,48
Hockey Women's Hockey,ARG,0,31,0
Hockey Women's Hockey,GER,0,16,16
Hockey Women's Hockey,FRG,0,16,0
Hockey Women's Hockey,TCH,0,16,0
Hockey Women's Hockey,KOR,0,32,0
Hockey Women's Hockey,ESP,0,0,15
Hockey Women's Hockey,AUS,0,0,48
Hockey Women's Hockey,ZIM,0,0,15
"Speed Skating Women's 1,500 metres",CZE,1,0,0
"Speed Skating Women's 1,500 metres",NED,0,4,5
"Speed Skating Women's 1,500 metres",USA,0,1,1
"Speed Skating Women's 1,500 metres",FIN,0,1,1
"Speed Skating Women's 1,500 metres",RUS,0,1,0
"Speed Skating Women's 1,500 metres",GER,0,3,2
"Speed Skating Women's 1,500 metres",CAN,0,2,1
"Speed Skating Women's 1,500 metres",GDR,0,2,1
"Speed Skating Women's 1,500 metres",POL,0,1,0
"Speed Skating Women's 1,500 metres",URS,0,0,3
"Speed Skating Women's 1,500 metres",AUT,0,0,1
"Speed Skating Women's 3,000 metres",AUT,1,1,0
"Speed Skating Women's 3,000 metres",NED,0,2,5
"Speed Skating Women's 3,000 metres",USA,0,1,0
"Speed Skating Women's 3,000 metres",FIN,0,1,0
"Speed Skating Women's 3,000 metres",URS,0,2,3
"Speed Skating Women's 3,000 metres",GER,0,3,3
"Speed Skating Women's 3,000 metres",GDR,0,4,1
"Speed Skating Women's 3,000 metres",CZE,0,1,1
"Speed Skating Women's 3,000 metres",PRK,0,1,0
"Speed Skating Women's 3,000 metres",NOR,0,0,1
"Speed Skating Women's 3,000 metres",RUS,0,0,1
Sailing Women's Two Person Dinghy,UKR,4,0,0
Sailing Women's Two Person Dinghy,NED,0,2,0
Sailing Women's Two Person Dinghy,USA,0,2,2
Sailing Women's Two Person Dinghy,ESP,0,2,4
Sailing Women's Two Person Dinghy,JPN,0,2,0
Sailing Women's Two Person Dinghy,SWE,0,2,0
Sailing Women's Two Person Dinghy,GBR,0,2,2
Sailing Women's Two Person Dinghy,NZL,0,4,2
Sailing Women's Two Person Dinghy,GRE,0,0,2
Sailing Women's Two Person Dinghy,AUS,0,0,4
Swimming Women's 4 x 100 metres Freestyle Relay,AUT,4,0,0
Swimming Women's 4 x 100 metres Freestyle Relay,CHN,0,9,0
Swimming Women's 4 x 100 metres Freestyle Relay,DEN,0,5,0
Swimming Women's 4 x 100 metres Freestyle Relay,NED,0,28,10
Swimming Women's 4 x 100 metres Freestyle Relay,USA,0,27,78
Swimming Women's 4 x 100 metres Freestyle Relay,GER,0,9,0
Swimming Women's 4 x 100 metres Freestyle Relay,AUS,0,11,23
Swimming Women's 4 x 100 metres Freestyle Relay,GDR,0,14,11
Swimming Women's 4 x 100 metres Freestyle Relay,SWE,0,6,0
Swimming Women's 4 x 100 metres Freestyle Relay,GBR,0,12,4
Swimming Women's 4 x 100 metres Freestyle Relay,HUN,0,0,5
Tennis Mixed Doubles,BOH,1,0,0
Tennis Mixed Doubles,USA,0,2,2
Tennis Mixed Doubles,FRA,0,1,2
Tennis Mixed Doubles,GRE,0,1,0
Tennis Mixed Doubles,SWE,0,1,0
Tennis Mixed Doubles,GBR,0,2,1
Tennis Mixed Doubles,BLR,0,0,1
Tennis Mixed Doubles,GER,0,0,1
"Canoeing Women's Kayak Doubles, 500 metres",POL,8,2,0
"Canoeing Women's Kayak Doubles, 500 metres",USA,0,2,0
"Canoeing Women's Kayak Doubles, 500 metres",BUL,0,2,0
"Canoeing Women's Kayak Doubles, 500 metres",URS,0,2,6
"Canoeing Women's Kayak Doubles, 500 metres",HUN,0,8,6
"Canoeing Women's Kayak Doubles, 500 metres",GER,0,8,8
"Canoeing Women's Kayak Doubles, 500 metres",CAN,0,2,0
"Canoeing Women's Kayak Doubles, 500 metres",GDR,0,2,4
"Canoeing Women's Kayak Doubles, 500 metres",SWE,0,2,4
"Canoeing Women's Kayak Doubles, 500 metres",FRG,0,0,2
Judo Women's Half-Heavyweight,KOR,1,0,1
Judo Women's Half-Heavyweight,CHN,0,1,2
Judo Women's Half-Heavyweight,FRA,0,2,0
Judo Women's Half-Heavyweight,CUB,0,1,0
Judo Women's Half-Heavyweight,JPN,0,2,1
Judo Women's Half-Heavyweight,GBR,0,1,0
Judo Women's Half-Heavyweight,USA,0,0,2
Judo Women's Half-Heavyweight,BEL,0,0,1
Sailing Women's Windsurfer,NZL,1,1,1
Sailing Women's Windsurfer,CHN,0,3,1
Sailing Women's Windsurfer,FIN,0,1,0
Sailing Women's Windsurfer,ITA,0,1,1
Sailing Women's Windsurfer,GER,0,1,0
Sailing Women's Windsurfer,FRA,0,0,2
Sailing Women's Windsurfer,ESP,0,0,1
Sailing Women's Windsurfer,HKG,0,0,1
Athletics Women's 800 metres,MOZ,1,0,1
Athletics Women's 800 metres,USA,0,1,1
Athletics Women's 800 metres,ROU,0,1,1
Athletics Women's 800 metres,FRA,0,1,0
Athletics Women's 800 metres,MAR,0,1,0
Athletics Women's 800 metres,BUL,0,1,0
Athletics Women's 800 metres,CUB,0,1,0
Athletics Women's 800 metres,URS,0,2,3
Athletics Women's 800 metres,AUS,0,1,0
Athletics Women's 800 metres,RSA,0,1,1
Athletics Women's 800 metres,EUN,0,1,0
Athletics Women's 800 metres,JPN,0,1,0
Athletics Women's 800 metres,GDR,0,1,1
Athletics Women's 800 metres,KEN,0,1,1
Athletics Women's 800 metres,AUT,0,1,0
Athletics Women's 800 metres,BDI,0,1,0
Athletics Women's 800 metres,NED,0,0,1
Athletics Women's 800 metres,RUS,0,0,2
Athletics Women's 800 metres,GER,0,0,1
Athletics Women's 800 metres,FRG,0,0,1
Athletics Women's 800 metres,GBR,0,0,2
"Speed Skating Women's 5,000 metres",GDR,1,1,0
"Speed Skating Women's 5,000 metres",NED,0,2,1
"Speed Skating Women's 5,000 metres",GER,0,5,4
"Speed Skating Women's 5,000 metres",CAN,0,0,1
"Speed Skating Women's 5,000 metres",CZE,0,0,2
"Cycling Women's Road Race, Individual",LTU,1,0,0
"Cycling Women's Road Race, Individual",USA,0,1,1
"Cycling Women's Road Race, Individual",FRA,0,1,1
"Cycling Women's Road Race, Individual",ITA,0,1,0
"Cycling Women's Road Race, Individual",GER,0,2,0
"Cycling Women's Road Race, Individual",FRG,0,1,0
"Cycling Women's Road Race, Individual",SWE,0,2,0
"Cycling Women's Road Race, Individual",GBR,0,1,1
"Cycling Women's Road Race, Individual",NED,0,0,4
"Cycling Women's Road Race, Individual",AUS,0,0,2
Swimming Women's 400 metres Freestyle,CRC,1,0,0
Swimming Women's 400 metres Freestyle,DEN,0,2,0
Swimming Women's 400 metres Freestyle,NED,0,1,1
Swimming Women's 400 metres Freestyle,USA,0,9,11
Swimming Women's 400 metres Freestyle,ITA,0,1,0
Swimming Women's 400 metres Freestyle,HUN,0,1,1
Swimming Women's 400 metres Freestyle,GER,0,1,1
Swimming Women's 400 metres Freestyle,AUS,0,1,2
Swimming Women's 400 metres Freestyle,GDR,0,2,2
Swimming Women's 400 metres Freestyle,SWE,0,1,0
Swimming Women's 400 metres Freestyle,GBR,0,2,1
Swimming Women's 400 metres Freestyle,POL,0,1,0
Swimming Women's 400 metres Freestyle,FRA,0,0,2
Swimming Women's 400 metres Freestyle,IRL,0,0,1
"Art Competitions Mixed Literature, Epic Works",HUN,1,0,0
Cycling Women's BMX,VEN,1,0,0
Cycling Women's BMX,USA,0,1,0
Cycling Women's BMX,FRA,0,1,1
Cycling Women's BMX,NZL,0,1,0
Cycling Women's BMX,COL,0,0,2
Cycling Women's Individual Time Trial,SUI,2,0,0
Cycling Women's Individual Time Trial,USA,0,2,3
Cycling Women's Individual Time Trial,FRA,0,1,0
Cycling Women's Individual Time Trial,RUS,0,1,1
Cycling Women's Individual Time Trial,GER,0,1,0
Cycling Women's Individual Time Trial,GBR,0,1,0
Cycling Women's Individual Time Trial,NED,0,0,2
Swimming Women's 50 metres Freestyle,GDR,1,0,1
Swimming Women's 50 metres Freestyle,CHN,0,3,1
Swimming Women's 50 metres Freestyle,USA,0,2,1
Swimming Women's 50 metres Freestyle,FRA,0,1,0
Swimming Women's 50 metres Freestyle,BLR,0,1,0
Swimming Women's 50 metres Freestyle,SWE,0,1,0
Swimming Women's 50 metres Freestyle,DEN,0,0,1
Swimming Women's 50 metres Freestyle,NED,0,0,3
Swimming Women's 50 metres Freestyle,GER,0,0,1
"Cycling Women's Individual Pursuit, 3,000 metres",GBR,1,1,1
"Cycling Women's Individual Pursuit, 3,000 metres",FRA,0,2,0
"Cycling Women's Individual Pursuit, 3,000 metres",AUS,0,2,0
"Cycling Women's Individual Pursuit, 3,000 metres",NED,0,0,1
"Cycling Women's Individual Pursuit, 3,000 metres",ITA,0,0,1
"Cycling Women's Individual Pursuit, 3,000 metres",GER,0,0,1
"Cycling Women's Individual Pursuit, 3,000 metres",NZL,0,0,1
"Fencing Women's Sabre, Team",USA,7,0,0
"Fencing Women's Sabre, Team",CHN,0,4,0
"Fencing Women's Sabre, Team",UKR,0,4,4
"Fencing Women's Sabre, Team",RUS,0,0,4
Freestyle Skiing Women's Moguls,JPN,1,0,1
Freestyle Skiing Women's Moguls,USA,0,2,2
Freestyle Skiing Women's Moguls,NOR,0,1,2
Freestyle Skiing Women's Moguls,GER,0,1,0
Freestyle Skiing Women's Moguls,CAN,0,2,2
Freestyle Skiing Women's Moguls,EUN,0,1,0
"Short Track Speed Skating Women's 3,000 metres Relay",EUN,4,0,0
"Short Track Speed Skating Women's 3,000 metres Relay",CHN,0,8,4
"Short Track Speed Skating Women's 3,000 metres Relay",USA,0,4,0
"Short Track Speed Skating Women's 3,000 metres Relay",CAN,0,17,4
"Short Track Speed Skating Women's 3,000 metres Relay",KOR,0,0,22
Water Polo Women's Water Polo,AUS,26,0,13
Water Polo Women's Water Polo,USA,0,26,25
Water Polo Women's Water Polo,ESP,0,12,0
Water Polo Women's Water Polo,ITA,0,13,13
Water Polo Women's Water Polo,GRE,0,13,0
Water Polo Women's Water Polo,NED,0,0,12
Swimming Women's 200 metres Backstroke,GDR,2,3,2
Swimming Women's 200 metres Backstroke,USA,0,4,4
Swimming Women's 200 metres Backstroke,FRA,0,1,0
Swimming Women's 200 metres Backstroke,RUS,0,2,0
Swimming Women's 200 metres Backstroke,HUN,0,1,3
Swimming Women's 200 metres Backstroke,GER,0,1,0
Swimming Women's 200 metres Backstroke,CAN,0,1,0
Swimming Women's 200 metres Backstroke,NED,0,0,1
Swimming Women's 200 metres Backstroke,ROU,0,0,1
Swimming Women's 200 metres Backstroke,ZIM,0,0,2
"Equestrianism Mixed Three-Day Event, Team",NZL,5,1,0
"Equestrianism Mixed Three-Day Event, Team",USA,0,3,3
"Equestrianism Mixed Three-Day Event, Team",ITA,0,2,0
"Equestrianism Mixed Three-Day Event, Team",GER,0,3,3
"Equestrianism Mixed Three-Day Event, Team",AUS,0,3,3
"Equestrianism Mixed Three-Day Event, Team",GBR,0,14,3
Athletics Women's 200 metres,BAH,1,0,1
Athletics Women's 200 metres,NED,0,2,1
Athletics Women's 200 metres,USA,0,3,6
Athletics Women's 200 metres,URS,0,1,0
Athletics Women's 200 metres,GER,0,2,0
Athletics Women's 200 metres,AUS,0,2,2
Athletics Women's 200 metres,FRG,0,1,0
Athletics Women's 200 metres,SRI,0,1,0
Athletics Women's 200 metres,GBR,0,1,0
Athletics Women's 200 metres,POL,0,1,1
Athletics Women's 200 metres,JAM,0,4,3
Athletics Women's 200 metres,FRA,0,0,1
Athletics Women's 200 metres,GDR,0,0,3
Athletics Women's 400 metres Hurdles,CZE,1,0,0
Athletics Women's 400 metres Hurdles,DEN,0,1,0
Athletics Women's 400 metres Hurdles,USA,0,5,1
Athletics Women's 400 metres Hurdles,ROU,0,1,0
Athletics Women's 400 metres Hurdles,URS,0,1,0
Athletics Women's 400 metres Hurdles,JAM,0,1,2
Athletics Women's 400 metres Hurdles,MAR,0,0,1
Athletics Women's 400 metres Hurdles,RUS,0,0,2
Athletics Women's 400 metres Hurdles,GRE,0,0,1
Athletics Women's 400 metres Hurdles,AUS,0,0,1
Athletics Women's 400 metres Hurdles,GBR,0,0,1
Swimming Women's 4 x 200 metres Freestyle Relay,AUS,5,19,8
Swimming Women's 4 x 200 metres Freestyle Relay,CHN,0,10,0
Swimming Women's 4 x 200 metres Freestyle Relay,GER,0,6,0
Swimming Women's 4 x 200 metres Freestyle Relay,USA,0,0,33
Ice Hockey Women's Ice Hockey,SWE,20,20,0
Ice Hockey Women's Ice Hockey,USA,0,61,20
Ice Hockey Women's Ice Hockey,CAN,0,20,81
Figure Skating Mixed Team,USA,4,0,0
Figure Skating Mixed Team,CAN,0,4,0
Figure Skating Mixed Team,RUS,0,0,5
Athletics Women's 100 metres Hurdles,POL,1,0,0
Athletics Women's 100 metres Hurdles,USA,0,3,4
Athletics Women's 100 metres Hurdles,ROU,0,1,0
Athletics Women's 100 metres Hurdles,URS,0,1,1
Athletics Women's 100 metres Hurdles,NGR,0,1,0
Athletics Women's 100 metres Hurdles,AUS,0,1,1
Athletics Women's 100 metres Hurdles,GDR,0,2,2
Athletics Women's 100 metres Hurdles,UKR,0,1,0
Athletics Women's 100 metres Hurdles,GBR,0,1,0
Athletics Women's 100 metres Hurdles,SLO,0,1,0
Athletics Women's 100 metres Hurdles,BUL,0,0,1
Athletics Women's 100 metres Hurdles,GRE,0,0,1
Athletics Women's 100 metres Hurdles,KAZ,0,0,1
Athletics Women's 100 metres Hurdles,SWE,0,0,1
"Canoeing Women's Kayak Singles, Slalom",AUT,1,0,0
"Canoeing Women's Kayak Singles, Slalom",USA,0,2,0
"Canoeing Women's Kayak Singles, Slalom",FRA,0,1,1
"Canoeing Women's Kayak Singles, Slalom",AUS,0,3,0
"Canoeing Women's Kayak Singles, Slalom",FRG,0,1,0
"Canoeing Women's Kayak Singles, Slalom",NZL,0,1,0
"Canoeing Women's Kayak Singles, Slalom",ESP,0,0,1
"Canoeing Women's Kayak Singles, Slalom",GER,0,0,1
"Canoeing Women's Kayak Singles, Slalom",GDR,0,0,1
"Canoeing Women's Kayak Singles, Slalom",CZE,0,0,2
"Canoeing Women's Kayak Singles, Slalom",SVK,0,0,2
Snowboarding Women's Halfpipe,SUI,1,0,0
Snowboarding Women's Halfpipe,USA,0,2,3
Snowboarding Women's Halfpipe,NOR,0,1,0
Snowboarding Women's Halfpipe,FRA,0,1,0
Snowboarding Women's Halfpipe,AUS,0,1,1
Snowboarding Women's Halfpipe,GER,0,0,1
"Athletics Women's 3,000 metres Steeplechase",ETH,1,0,0
"Athletics Women's 3,000 metres Steeplechase",TUN,0,1,0
"Athletics Women's 3,000 metres Steeplechase",KEN,0,2,0
"Athletics Women's 3,000 metres Steeplechase",RUS,0,0,2
"Athletics Women's 3,000 metres Steeplechase",BRN,0,0,1
Alpine Skiing Women's Downhill,AUT,7,4,5
Alpine Skiing Women's Downhill,USA,0,4,1
Alpine Skiing Women's Downhill,FRA,0,1,1
Alpine Skiing Women's Downhill,ITA,0,1,0
Alpine Skiing Women's Downhill,GER,0,1,3
Alpine Skiing Women's Downhill,SUI,0,4,5
Alpine Skiing Women's Downhill,SWE,0,1,0
Alpine Skiing Women's Downhill,LIE,0,1,0
Alpine Skiing Women's Downhill,CAN,0,0,1
Alpine Skiing Women's Downhill,FRG,0,0,2
Alpine Skiing Women's Downhill,SLO,0,0,1
Swimming Women's 200 metres Butterfly,GDR,1,4,3
Swimming Women's 200 metres Butterfly,CHN,0,2,2
Swimming Women's 200 metres Butterfly,USA,0,1,4
Swimming Women's 200 metres Butterfly,ESP,0,1,1
Swimming Women's 200 metres Butterfly,AUS,0,5,1
Swimming Women's 200 metres Butterfly,NED,0,0,1
Swimming Women's 200 metres Butterfly,POL,0,0,1
Athletics Women's 4 x 100 metres Relay,JAM,6,17,5
Athletics Women's 4 x 100 metres Relay,USA,0,8,50
Athletics Women's 4 x 100 metres Relay,RUS,0,4,4
Athletics Women's 4 x 100 metres Relay,CUB,0,4,0
Athletics Women's 4 x 100 metres Relay,URS,0,4,0
Athletics Women's 4 x 100 metres Relay,GER,0,8,0
Athletics Women's 4 x 100 metres Relay,CAN,0,8,4
Athletics Women's 4 x 100 metres Relay,AUS,0,4,4
Athletics Women's 4 x 100 metres Relay,BEL,0,4,0
Athletics Women's 4 x 100 metres Relay,EUN,0,4,0
Athletics Women's 4 x 100 metres Relay,FRG,0,4,4
Athletics Women's 4 x 100 metres Relay,GDR,0,8,8
Athletics Women's 4 x 100 metres Relay,GBR,0,8,0
Athletics Women's 4 x 100 metres Relay,BAH,0,5,5
Athletics Women's 4 x 100 metres Relay,NED,0,0,4
Athletics Women's 4 x 100 metres Relay,POL,0,0,4
Gymnastics Women's Floor Exercise,GBR,1,0,0
Gymnastics Women's Floor Exercise,USA,0,3,2
Gymnastics Women's Floor Exercise,ROU,0,3,6
Gymnastics Women's Floor Exercise,RUS,0,1,1
Gymnastics Women's Floor Exercise,URS,0,6,7
Gymnastics Women's Floor Exercise,HUN,0,1,2
Gymnastics Women's Floor Exercise,UKR,0,0,1
Gymnastics Women's Floor Exercise,TCH,0,0,1
Rowing Women's Quadruple Sculls,POL,4,0,0
Rowing Women's Quadruple Sculls,NED,0,4,0
Rowing Women's Quadruple Sculls,ROU,0,4,0
Rowing Women's Quadruple Sculls,URS,0,4,0
Rowing Women's Quadruple Sculls,GER,0,4,20
Rowing Women's Quadruple Sculls,UKR,0,4,4
Rowing Women's Quadruple Sculls,GBR,0,12,0
Rowing Women's Quadruple Sculls,CHN,0,0,4
Rowing Women's Quadruple Sculls,GDR,0,0,4
Athletics Women's Long Jump,SRB,1,0,0
Athletics Women's Long Jump,USA,0,3,3
Athletics Women's Long Jump,ROU,0,1,2
Athletics Women's Long Jump,BUL,0,1,0
Athletics Women's Long Jump,ITA,0,2,0
Athletics Women's Long Jump,RUS,0,3,1
Athletics Women's Long Jump,ARG,0,1,0
Athletics Women's Long Jump,URS,0,1,2
Athletics Women's Long Jump,EUN,0,1,0
Athletics Women's Long Jump,GDR,0,2,1
Athletics Women's Long Jump,GBR,0,1,1
Athletics Women's Long Jump,POL,0,2,1
Athletics Women's Long Jump,HUN,0,0,1
Athletics Women's Long Jump,NGR,0,0,1
Athletics Women's Long Jump,GER,0,0,2
Athletics Women's Long Jump,BRA,0,0,1
Athletics Women's Long Jump,FRG,0,0,1
Athletics Women's Long Jump,NZL,0,0,1
"Cycling Women's Mountainbike, Cross-Country",CAN,1,2,0
"Cycling Women's Mountainbike, Cross-Country",GER,0,1,1
"Cycling Women's Mountainbike, Cross-Country",SUI,0,1,0
"Cycling Women's Mountainbike, Cross-Country",POL,0,2,0
"Cycling Women's Mountainbike, Cross-Country",NOR,0,0,1
"Cycling Women's Mountainbike, Cross-Country",FRA,0,0,1
"Cycling Women's Mountainbike, Cross-Country",ITA,0,0,2
"Cycling Women's Mountainbike, Cross-Country",SWE,0,0,1
Bobsleigh Women's Two,GER,2,2,2
Bobsleigh Women's Two,USA,0,4,2
Bobsleigh Women's Two,CAN,0,2,4
Tennis Women's Singles,BOH,1,0,0
Tennis Women's Singles,FRA,0,3,2
Tennis Women's Singles,ESP,0,1,0
Tennis Women's Singles,RUS,0,3,1
Tennis Women's Singles,ARG,0,1,0
Tennis Women's Singles,GRE,0,1,1
Tennis Women's Singles,GER,0,3,0
Tennis Women's Singles,GBR,0,2,2
Tennis Women's Singles,USA,0,0,5
Tennis Women's Singles,BEL,0,0,1
Tennis Women's Singles,FRG,0,0,1
Tennis Women's Singles,PUR,0,0,1
Snowboarding Women's Parallel Giant Slalom,AUT,1,0,0
Snowboarding Women's Parallel Giant Slalom,FRA,0,1,1
Snowboarding Women's Parallel Giant Slalom,RUS,0,1,0
Snowboarding Women's Parallel Giant Slalom,GER,0,1,0
Snowboarding Women's Parallel Giant Slalom,JPN,0,1,0
Snowboarding Women's Parallel Giant Slalom,NED,0,0,1
Snowboarding Women's Parallel Giant Slalom,SUI,0,0,2
Taekwondo Women's Heavyweight,VEN,1,0,0
Taekwondo Women's Heavyweight,NOR,0,1,0
Taekwondo Women's Heavyweight,FRA,0,2,0
Taekwondo Women's Heavyweight,RUS,0,1,0
Taekwondo Women's Heavyweight,MEX,0,1,1
Taekwondo Women's Heavyweight,CHN,0,0,3
Taekwondo Women's Heavyweight,SRB,0,0,1
Luge Women's Singles,AUT,3,2,1
Luge Women's Singles,GER,0,6,6
Luge Women's Singles,FRG,0,1,0
Luge Women's Singles,GDR,0,5,4
Luge Women's Singles,ITA,0,0,2
Luge Women's Singles,URS,0,0,1
Athletics Women's 400 metres,JAM,1,2,0
Athletics Women's 400 metres,USA,0,2,2
Athletics Women's 400 metres,MEX,0,1,0
Athletics Women's 400 metres,AUS,0,1,2
Athletics Women's 400 metres,EUN,0,1,0
Athletics Women's 400 metres,FRG,0,1,0
Athletics Women's 400 metres,GDR,0,2,2
Athletics Women's 400 metres,GBR,0,3,1
Athletics Women's 400 metres,TCH,0,1,0
Athletics Women's 400 metres,FRA,0,0,3
Athletics Women's 400 metres,URS,0,0,1
Athletics Women's 400 metres,POL,0,0,1
Athletics Women's 400 metres,BAH,0,0,2
Weightlifting Women's Super-Heavyweight,POL,1,1,0
Weightlifting Women's Super-Heavyweight,RUS,0,1,0
Weightlifting Women's Super-Heavyweight,UKR,0,1,0
Weightlifting Women's Super-Heavyweight,KOR,0,1,1
Weightlifting Women's Super-Heavyweight,PRK,0,1,0
Weightlifting Women's Super-Heavyweight,CHN,0,0,4
Athletics Women's High Jump,AUT,1,0,0
Athletics Women's High Jump,NED,0,1,0
Athletics Women's High Jump,USA,0,2,4
Athletics Women's High Jump,ROU,0,1,2
Athletics Women's High Jump,BUL,0,3,1
Athletics Women's High Jump,ITA,0,2,1
Athletics Women's High Jump,GRE,0,1,0
Athletics Women's High Jump,URS,0,2,0
Athletics Women's High Jump,AUS,0,1,0
Athletics Women's High Jump,RSA,0,2,1
Athletics Women's High Jump,GBR,0,5,0
Athletics Women's High Jump,POL,0,2,0
Athletics Women's High Jump,CRO,0,1,0
Athletics Women's High Jump,ESP,0,0,1
Athletics Women's High Jump,RUS,0,0,3
Athletics Women's High Jump,HUN,0,0,1
Athletics Women's High Jump,GER,0,0,1
Athletics Women's High Jump,CAN,0,0,1
Athletics Women's High Jump,BEL,0,0,1
Athletics Women's High Jump,FRG,0,0,2
Athletics Women's High Jump,GDR,0,0,1
Athletics Women's High Jump,TCH,0,0,1
"Fencing Women's Sabre, Individual",UKR,2,0,0
"Fencing Women's Sabre, Individual",CHN,0,1,0
"Fencing Women's Sabre, Individual",USA,0,1,2
"Fencing Women's Sabre, Individual",RUS,0,2,1
"Fencing Women's Sabre, Individual",KOR,0,0,1
"Athletics Women's 10,000 metres",POR,1,0,1
"Athletics Women's 10,000 metres",CHN,0,1,1
"Athletics Women's 10,000 metres",USA,0,1,0
"Athletics Women's 10,000 metres",RSA,0,1,0
"Athletics Women's 10,000 metres",ETH,0,2,5
"Athletics Women's 10,000 metres",KEN,0,2,0
"Athletics Women's 10,000 metres",GBR,0,1,0
"Athletics Women's 10,000 metres",URS,0,0,1
Alpine Skiing Women's Super G,AUT,3,1,4
Alpine Skiing Women's Super G,FRA,0,1,0
Alpine Skiing Women's Super G,RUS,0,1,0
Alpine Skiing Women's Super G,GER,0,1,0
Alpine Skiing Women's Super G,SUI,0,1,0
Alpine Skiing Women's Super G,SLO,0,1,0
Alpine Skiing Women's Super G,CRO,0,2,0
Alpine Skiing Women's Super G,USA,0,0,2
Alpine Skiing Women's Super G,ITA,0,0,2
Taekwondo Women's Featherweight,TPE,1,0,0
Taekwondo Women's Featherweight,CHN,0,1,0
Taekwondo Women's Featherweight,USA,0,1,0
Taekwondo Women's Featherweight,ESP,0,1,0
Taekwondo Women's Featherweight,TUR,0,1,0
Taekwondo Women's Featherweight,VIE,0,1,0
Taekwondo Women's Featherweight,GBR,0,0,2
Taekwondo Women's Featherweight,KOR,0,0,3
"Equestrianism Mixed Jumping, Individual",SUI,1,0,0
"Equestrianism Mixed Jumping, Individual",GBR,0,2,0
Alpine Skiing Women's Combined,AUT,1,4,3
Alpine Skiing Women's Combined,USA,0,2,0
Alpine Skiing Women's Combined,GER,0,2,4
Alpine Skiing Women's Combined,SUI,0,2,0
Alpine Skiing Women's Combined,SWE,0,0,1
Alpine Skiing Women's Combined,CRO,0,0,2
Taekwondo Women's Welterweight,KOR,1,0,4
Taekwondo Women's Welterweight,NOR,0,1,0
Taekwondo Women's Welterweight,FRA,0,1,0
Taekwondo Women's Welterweight,GRE,0,1,0
Taekwondo Women's Welterweight,TUR,0,1,0
Taekwondo Women's Welterweight,CAN,0,1,0
Taekwondo Women's Welterweight,CHN,0,0,1
"Wrestling Women's Middleweight, Freestyle",MGL,1,0,0
"Wrestling Women's Middleweight, Freestyle",CHN,0,1,0
"Wrestling Women's Middleweight, Freestyle",USA,0,1,0
"Wrestling Women's Middleweight, Freestyle",RUS,0,1,0
"Wrestling Women's Middleweight, Freestyle",BLR,0,1,0
"Wrestling Women's Middleweight, Freestyle",JPN,0,0,4
"Equestrianism Mixed Three-Day Event, Individual",GBR,4,0,0
"Equestrianism Mixed Three-Day Event, Individual",USA,0,3,0
"Equestrianism Mixed Three-Day Event, Individual",SWE,0,1,0
"Equestrianism Mixed Three-Day Event, Individual",NZL,0,1,0
Figure Skating Mixed Ice Dancing,GBR,1,0,1
Figure Skating Mixed Ice Dancing,USA,0,2,1
Figure Skating Mixed Ice Dancing,FRA,0,1,1
Figure Skating Mixed Ice Dancing,RUS,0,3,3
Figure Skating Mixed Ice Dancing,URS,0,3,3
Figure Skating Mixed Ice Dancing,HUN,0,1,0
Figure Skating Mixed Ice Dancing,CAN,0,1,1
Figure Skating Mixed Ice Dancing,EUN,0,0,1
Archery Women's Team,TPE,6,0,0
Archery Women's Team,CHN,0,12,0
Archery Women's Team,RUS,0,3,0
Archery Women's Team,GER,0,3,0
Archery Women's Team,INA,0,3,0
Archery Women's Team,UKR,0,3,0
Archery Women's Team,KOR,0,0,24
Archery Women's Double Columbia Round,USA,1,1,1
Archery Women's Double National Round,GBR,1,1,1
Archery Women's Double National Round,USA,0,1,1
Shooting Women's Skeet,SVK,1,0,0
Shooting Women's Skeet,CHN,0,2,0
Shooting Women's Skeet,USA,0,1,1
Shooting Women's Skeet,ITA,0,1,2
Shooting Women's Skeet,RUS,0,1,0
Shooting Women's Skeet,AZE,0,0,1
Shooting Women's Skeet,HUN,0,0,1
Alpine Skiing Women's Slalom,LIE,2,0,1
Alpine Skiing Women's Slalom,USA,0,1,4
Alpine Skiing Women's Slalom,FRA,0,4,2
Alpine Skiing Women's Slalom,ITA,0,2,1
Alpine Skiing Women's Slalom,GER,0,1,2
Alpine Skiing Women's Slalom,CAN,0,1,1
Alpine Skiing Women's Slalom,SUI,0,1,3
Alpine Skiing Women's Slalom,FRG,0,1,1
Alpine Skiing Women's Slalom,NZL,0,1,0
Alpine Skiing Women's Slalom,AUT,0,5,1
Alpine Skiing Women's Slalom,YUG,0,1,0
Alpine Skiing Women's Slalom,SWE,0,0,1
Alpine Skiing Women's Slalom,CRO,0,0,1
Swimming Women's 300 metres Freestyle,USA,1,1,1
Athletics Women's 100 metres,JAM,5,5,3
Athletics Women's 100 metres,USA,0,7,9
Athletics Women's 100 metres,GRE,0,1,0
Athletics Women's 100 metres,GER,0,1,0
Athletics Women's 100 metres,CAN,0,2,0
Athletics Women's 100 metres,AUS,0,1,2
Athletics Women's 100 metres,RSA,0,1,0
Athletics Women's 100 metres,GDR,0,2,1
Athletics Women's 100 metres,GBR,0,2,0
Athletics Women's 100 metres,POL,0,1,1
Athletics Women's 100 metres,NED,0,0,1
Athletics Women's 100 metres,BLR,0,0,1
Athletics Women's 100 metres,URS,0,0,1
Athletics Women's 100 metres,FRG,0,0,1
Triathlon Women's Olympic Distance,GBR,1,0,0
Triathlon Women's Olympic Distance,AUS,0,2,1
Triathlon Women's Olympic Distance,SUI,0,1,2
Triathlon Women's Olympic Distance,SWE,0,1,0
Triathlon Women's Olympic Distance,POR,0,1,0
Triathlon Women's Olympic Distance,USA,0,0,1
Triathlon Women's Olympic Distance,AUT,0,0,1
Cross Country Skiing Women's 4 x 5 kilometres Relay,GDR,4,0,4
Cross Country Skiing Women's 4 x 5 kilometres Relay,FIN,0,8,0
Cross Country Skiing Women's 4 x 5 kilometres Relay,NOR,0,20,8
Cross Country Skiing Women's 4 x 5 kilometres Relay,URS,0,4,8
Cross Country Skiing Women's 4 x 5 kilometres Relay,GER,0,8,4
Cross Country Skiing Women's 4 x 5 kilometres Relay,TCH,0,4,0
Cross Country Skiing Women's 4 x 5 kilometres Relay,RUS,0,0,12
Cross Country Skiing Women's 4 x 5 kilometres Relay,EUN,0,0,4
Cross Country Skiing Women's 4 x 5 kilometres Relay,SWE,0,0,4
Cross Country Skiing Women's 10 kilometres,SWE,1,1,2
Cross Country Skiing Women's 10 kilometres,FIN,0,3,2
Cross Country Skiing Women's 10 kilometres,NOR,0,2,1
Cross Country Skiing Women's 10 kilometres,EST,0,1,1
Cross Country Skiing Women's 10 kilometres,RUS,0,1,0
Cross Country Skiing Women's 10 kilometres,URS,0,6,6
Cross Country Skiing Women's 10 kilometres,GDR,0,0,1
Cross Country Skiing Women's 10 kilometres,POL,0,0,1
Cross Country Skiing Women's 5 kilometres,TCH,3,0,0
Cross Country Skiing Women's 5 kilometres,FIN,0,3,4
Cross Country Skiing Women's 5 kilometres,NOR,0,1,0
Cross Country Skiing Women's 5 kilometres,ITA,0,1,0
Cross Country Skiing Women's 5 kilometres,URS,0,3,3
Cross Country Skiing Women's 5 kilometres,EUN,0,1,0
Cross Country Skiing Women's 5 kilometres,CZE,0,1,0
Cross Country Skiing Women's 5 kilometres,RUS,0,0,2
Cross Country Skiing Women's 5 kilometres,SWE,0,0,1
Cross Country Skiing Women's 30 kilometres,POL,1,0,1
Cross Country Skiing Women's 30 kilometres,NOR,0,3,1
Cross Country Skiing Women's 30 kilometres,ITA,0,2,3
Cross Country Skiing Women's 30 kilometres,RUS,0,1,1
Cross Country Skiing Women's 30 kilometres,EUN,0,1,0
Cross Country Skiing Women's 30 kilometres,CZE,0,0,1
Cross Country Skiing Women's Team Sprint,SWE,2,2,2
Cross Country Skiing Women's Team Sprint,FIN,0,2,0
Cross Country Skiing Women's Team Sprint,CAN,0,2,0
Cross Country Skiing Women's Team Sprint,NOR,0,0,2
Cross Country Skiing Women's Team Sprint,GER,0,0,2
Cross Country Skiing Women's 3 x 5 kilometres Relay,SWE,3,6,3
Cross Country Skiing Women's 3 x 5 kilometres Relay,FIN,0,3,3
Cross Country Skiing Women's 3 x 5 kilometres Relay,URS,0,6,6
Cross Country Skiing Women's 3 x 5 kilometres Relay,NOR,0,0,3
Archery Women's Individual,KOR,5,5,8
Archery Women's Individual,CHN,0,2,1
Archery Women's Individual,MEX,0,1,0
Archery Women's Individual,URS,0,2,1
Archery Women's Individual,GER,0,1,0
Archery Women's Individual,POL,0,1,0
Archery Women's Individual,USA,0,0,2
Boxing Women's Lightweight,BRA,1,0,0
Boxing Women's Lightweight,CHN,0,1,0
Boxing Women's Lightweight,RUS,0,1,0
Boxing Women's Lightweight,FRA,0,0,1
Boxing Women's Lightweight,IRL,0,0,1
Football Women's Football,CAN,36,0,0
Football Women's Football,CHN,0,15,0
Football Women's Football,USA,0,13,66
Football Women's Football,JPN,0,18,0
Football Women's Football,BRA,0,35,0
Football Women's Football,SWE,0,18,0
Football Women's Football,NOR,0,0,17
Football Women's Football,GER,0,0,18
Biathlon Women's 4 x 7.5 kilometres Relay,RUS,4,4,4
Biathlon Women's 4 x 7.5 kilometres Relay,NOR,0,4,0
Biathlon Women's 4 x 7.5 kilometres Relay,GER,0,4,8
Biathlon Women's 4 x 6 kilometres Relay,GER,4,4,0
Biathlon Women's 4 x 6 kilometres Relay,FRA,0,4,0
Biathlon Women's 4 x 6 kilometres Relay,RUS,0,4,8
Biathlon Women's 4 x 6 kilometres Relay,UKR,0,0,4
Biathlon Women's 12.5 kilometres Mass Start,GER,2,1,1
Biathlon Women's 12.5 kilometres Mass Start,RUS,0,1,0
Biathlon Women's 12.5 kilometres Mass Start,CZE,0,1,0
Biathlon Women's 12.5 kilometres Mass Start,BLR,0,0,1
Biathlon Women's 12.5 kilometres Mass Start,SWE,0,0,1
Cross Country Skiing Women's 20 kilometres,URS,1,2,1
Cross Country Skiing Women's 20 kilometres,FIN,0,0,1
Cross Country Skiing Women's 15 kilometres,EUN,1,0,1
Cross Country Skiing Women's 15 kilometres,FIN,0,1,0
Cross Country Skiing Women's 15 kilometres,RUS,0,2,1
Cross Country Skiing Women's 15 kilometres,CZE,0,1,0
Cross Country Skiing Women's 15 kilometres,ITA,0,0,2
Cross Country Skiing Women's Sprint,SLO,2,0,0
Cross Country Skiing Women's Sprint,NOR,0,1,2
Cross Country Skiing Women's Sprint,GER,0,2,0
Cross Country Skiing Women's Sprint,POL,0,1,0
Cross Country Skiing Women's Sprint,RUS,0,0,1
Cross Country Skiing Women's Sprint,CAN,0,0,1
Cross Country Skiing Women's 15 km Skiathlon,POL,1,0,0
Cross Country Skiing Women's 15 km Skiathlon,SWE,0,2,0
Cross Country Skiing Women's 15 km Skiathlon,CZE,0,1,0
Cross Country Skiing Women's 15 km Skiathlon,NOR,0,0,2
Cross Country Skiing Women's 15 km Skiathlon,EST,0,0,1
Rowing Women's Coxed Fours,AUS,5,0,0
Rowing Women's Coxed Fours,CHN,0,5,0
Rowing Women's Coxed Fours,BUL,0,10,0
Rowing Women's Coxed Fours,CAN,0,5,0
Rowing Women's Coxed Fours,ROU,0,0,5
Rowing Women's Coxed Fours,GDR,0,0,15
"Fencing Women's Foil, Team",KOR,4,0,0
"Fencing Women's Foil, Team",USA,0,3,0
"Fencing Women's Foil, Team",ROU,0,8,0
"Fencing Women's Foil, Team",FRA,0,5,5
"Fencing Women's Foil, Team",ITA,0,5,15
"Fencing Women's Foil, Team",RUS,0,4,4
"Fencing Women's Foil, Team",URS,0,10,21
"Fencing Women's Foil, Team",HUN,0,15,5
"Fencing Women's Foil, Team",GER,0,5,0
"Fencing Women's Foil, Team",POL,0,4,0
"Fencing Women's Foil, Team",FRG,0,0,10
"Canoeing Women's Kayak Fours, 500 metres",UKR,4,0,0
"Canoeing Women's Kayak Fours, 500 metres",HUN,0,16,12
"Canoeing Women's Kayak Fours, 500 metres",GER,0,12,16
"Canoeing Women's Kayak Fours, 500 metres",SUI,0,4,0
"Canoeing Women's Kayak Fours, 500 metres",SWE,0,4,0
"Canoeing Women's Kayak Fours, 500 metres",ROU,0,0,4
"Canoeing Women's Kayak Fours, 500 metres",GDR,0,0,4
Biathlon Women's 10 kilometres Pursuit,SLO,1,0,0
Biathlon Women's 10 kilometres Pursuit,NOR,0,1,0
Biathlon Women's 10 kilometres Pursuit,GER,0,2,2
Biathlon Women's 10 kilometres Pursuit,SVK,0,1,0
Biathlon Women's 10 kilometres Pursuit,RUS,0,0,1
Biathlon Women's 10 kilometres Pursuit,BLR,0,0,1
Alpine Skiing Women's Giant Slalom,AUT,3,6,0
Alpine Skiing Women's Giant Slalom,USA,0,4,3
Alpine Skiing Women's Giant Slalom,FIN,0,1,0
Alpine Skiing Women's Giant Slalom,FRA,0,2,1
Alpine Skiing Women's Giant Slalom,GER,0,1,2
Alpine Skiing Women's Giant Slalom,FRG,0,3,0
Alpine Skiing Women's Giant Slalom,SWE,0,1,1
Alpine Skiing Women's Giant Slalom,SLO,0,1,1
Alpine Skiing Women's Giant Slalom,ITA,0,0,2
Alpine Skiing Women's Giant Slalom,CAN,0,0,2
Alpine Skiing Women's Giant Slalom,SUI,0,0,3
Alpine Skiing Women's Giant Slalom,CRO,0,0,1
Alpine Skiing Women's Giant Slalom,LIE,0,0,1
Biathlon Women's 7.5 kilometres Sprint,UKR,3,0,0
Biathlon Women's 7.5 kilometres Sprint,RUS,0,1,1
Biathlon Women's 7.5 kilometres Sprint,BLR,0,1,0
Biathlon Women's 7.5 kilometres Sprint,GER,0,4,1
Biathlon Women's 7.5 kilometres Sprint,SWE,0,1,0
Biathlon Women's 7.5 kilometres Sprint,FRA,0,0,1
Biathlon Women's 7.5 kilometres Sprint,CAN,0,0,1
Biathlon Women's 7.5 kilometres Sprint,EUN,0,0,1
Biathlon Women's 7.5 kilometres Sprint,SVK,0,0,2
"Wrestling Women's Lightweight, Freestyle",COL,2,0,0
"Wrestling Women's Lightweight, Freestyle",CHN,0,1,0
"Wrestling Women's Lightweight, Freestyle",RUS,0,1,0
"Wrestling Women's Lightweight, Freestyle",CAN,0,2,0
"Wrestling Women's Lightweight, Freestyle",JPN,0,0,4
Freestyle Skiing Women's Ski Cross,SWE,1,0,0
Freestyle Skiing Women's Ski Cross,NOR,0,1,0
Freestyle Skiing Women's Ski Cross,CAN,0,1,2
"Ski Jumping Women's Normal Hill, Individual",FRA,1,0,0
"Ski Jumping Women's Normal Hill, Individual",AUT,0,1,0
"Ski Jumping Women's Normal Hill, Individual",GER,0,0,1
Snowboarding Women's Boardercross,SUI,1,0,1
Snowboarding Women's Boardercross,USA,0,1,0
Snowboarding Women's Boardercross,FRA,0,1,0
Snowboarding Women's Boardercross,CAN,0,1,1
Snowboarding Women's Boardercross,CZE,0,0,1
"Equestrianism Mixed Dressage, Individual",GBR,1,0,2
"Equestrianism Mixed Dressage, Individual",DEN,0,3,0
"Equestrianism Mixed Dressage, Individual",NED,0,2,3
"Equestrianism Mixed Dressage, Individual",FRA,0,1,0
"Equestrianism Mixed Dressage, Individual",URS,0,1,0
"Equestrianism Mixed Dressage, Individual",GER,0,5,2
"Equestrianism Mixed Dressage, Individual",SUI,0,0,1
"Equestrianism Mixed Dressage, Individual",FRG,0,0,2
"Equestrianism Mixed Dressage, Individual",AUT,0,0,1
Cycling Women's Points Race,COL,1,0,0
Cycling Women's Points Race,NED,0,2,1
Cycling Women's Points Race,CUB,0,1,0
Cycling Women's Points Race,MEX,0,1,0
Cycling Women's Points Race,FRA,0,0,1
Cycling Women's Points Race,ITA,0,0,1
Cycling Women's Points Race,RUS,0,0,1
Weightlifting Women's Heavyweight,TPE,1,0,0
Weightlifting Women's Heavyweight,RUS,0,2,0
Weightlifting Women's Heavyweight,BLR,0,1,0
Weightlifting Women's Heavyweight,NGR,0,1,0
Weightlifting Women's Heavyweight,KAZ,0,1,1
Weightlifting Women's Heavyweight,CHN,0,0,1
Weightlifting Women's Heavyweight,COL,0,0,1
Weightlifting Women's Heavyweight,THA,0,0,1
Weightlifting Women's Heavyweight,PRK,0,0,1
Weightlifting Women's Light-Heavyweight,UKR,1,0,0
Weightlifting Women's Light-Heavyweight,ROU,0,1,0
Weightlifting Women's Light-Heavyweight,RUS,0,1,0
Weightlifting Women's Light-Heavyweight,HUN,0,2,0
Weightlifting Women's Light-Heavyweight,KAZ,0,1,0
Weightlifting Women's Light-Heavyweight,CHN,0,0,4
Weightlifting Women's Light-Heavyweight,PRK,0,0,1
"Shooting Women's Air Pistol, 10 metres",GEO,1,0,0
"Shooting Women's Air Pistol, 10 metres",FRA,0,1,0
"Shooting Women's Air Pistol, 10 metres",RUS,0,3,1
"Shooting Women's Air Pistol, 10 metres",URS,0,1,0
"Shooting Women's Air Pistol, 10 metres",SCG,0,2,0
"Shooting Women's Air Pistol, 10 metres",IOA,0,1,0
"Shooting Women's Air Pistol, 10 metres",CHN,0,0,4
"Shooting Women's Air Pistol, 10 metres",EUN,0,0,1
"Shooting Women's Air Pistol, 10 metres",UKR,0,0,1
"Shooting Women's Air Pistol, 10 metres",YUG,0,0,1
Rhythmic Gymnastics Women's Group,GRE,6,0,0
Rhythmic Gymnastics Women's Group,CHN,0,6,0
Rhythmic Gymnastics Women's Group,ESP,0,5,6
Rhythmic Gymnastics Women's Group,BUL,0,6,0
Rhythmic Gymnastics Women's Group,ITA,0,6,0
Rhythmic Gymnastics Women's Group,BLR,0,12,0
Rhythmic Gymnastics Women's Group,RUS,0,0,29
Cross Country Skiing Women's 5/10 kilometres Pursuit,CZE,1,0,0
Cross Country Skiing Women's 5/10 kilometres Pursuit,ITA,0,2,0
Cross Country Skiing Women's 5/10 kilometres Pursuit,RUS,0,1,2
Cross Country Skiing Women's 5/10 kilometres Pursuit,EUN,0,0,1
"Athletics Women's 5,000 metres",ETH,5,0,3
"Athletics Women's 5,000 metres",TUR,0,1,0
"Athletics Women's 5,000 metres",IRL,0,1,0
"Athletics Women's 5,000 metres",KEN,0,4,1
"Athletics Women's 5,000 metres",CHN,0,0,1
"Athletics Women's 5,000 metres",ROU,0,0,1
Swimming Women's 10 kilometres Open Water,GBR,1,1,0
Swimming Women's 10 kilometres Open Water,USA,0,1,0
Swimming Women's 10 kilometres Open Water,ITA,0,1,0
Swimming Women's 10 kilometres Open Water,NED,0,0,1
Swimming Women's 10 kilometres Open Water,RUS,0,0,1
Swimming Women's 10 kilometres Open Water,HUN,0,0,1
Biathlon Mixed 2 x 6 kilometres and 2 x 7.5 kilometres Relay,ITA,2,0,0
Biathlon Mixed 2 x 6 kilometres and 2 x 7.5 kilometres Relay,CZE,0,2,0
Biathlon Mixed 2 x 6 kilometres and 2 x 7.5 kilometres Relay,NOR,0,0,2
Taekwondo Women's Flyweight,TPE,1,0,1
Taekwondo Women's Flyweight,ESP,0,1,0
Taekwondo Women's Flyweight,CUB,0,2,0
Taekwondo Women's Flyweight,THA,0,1,0
Taekwondo Women's Flyweight,SRB,0,1,0
Taekwondo Women's Flyweight,CHN,0,0,2
Taekwondo Women's Flyweight,AUS,0,0,1
Taekwondo Women's Flyweight,KOR,0,0,1
"Shooting Women's Sporting Pistol, 25 metres",YUG,1,0,0
"Shooting Women's Sporting Pistol, 25 metres",CHN,0,3,2
"Shooting Women's Sporting Pistol, 25 metres",USA,0,1,0
"Shooting Women's Sporting Pistol, 25 metres",BUL,0,1,2
"Shooting Women's Sporting Pistol, 25 metres",GER,0,1,0
"Shooting Women's Sporting Pistol, 25 metres",JPN,0,1,0
"Shooting Women's Sporting Pistol, 25 metres",CZE,0,1,0
"Shooting Women's Sporting Pistol, 25 metres",MGL,0,1,0
"Shooting Women's Sporting Pistol, 25 metres",GRE,0,0,1
"Shooting Women's Sporting Pistol, 25 metres",URS,0,0,1
"Shooting Women's Sporting Pistol, 25 metres",CAN,0,0,1
"Shooting Women's Sporting Pistol, 25 metres",EUN,0,0,1
"Shooting Women's Sporting Pistol, 25 metres",KOR,0,0,1
"Canoeing Women's Kayak Singles, 200 metres",HUN,1,0,0
"Canoeing Women's Kayak Singles, 200 metres",UKR,0,1,0
"Canoeing Women's Kayak Singles, 200 metres",POL,0,1,0
"Canoeing Women's Kayak Singles, 200 metres",NZL,0,0,2
"Wrestling Women's Featherweight, Freestyle",SWE,1,0,0
"Wrestling Women's Featherweight, Freestyle",JPN,0,1,0
"Wrestling Women's Featherweight, Freestyle",USA,0,0,1
Speed Skating Women's Team Pursuit (6 laps),POL,3,4,0
Speed Skating Women's Team Pursuit (6 laps),CAN,0,5,0
Speed Skating Women's Team Pursuit (6 laps),JPN,0,3,0
Speed Skating Women's Team Pursuit (6 laps),NED,0,0,4
Speed Skating Women's Team Pursuit (6 laps),GER,0,0,9
Biathlon Women's 15 kilometres,SWE,1,0,0
Biathlon Women's 15 kilometres,NOR,0,1,1
Biathlon Women's 15 kilometres,FRA,0,1,0
Biathlon Women's 15 kilometres,GER,0,1,2
Biathlon Women's 15 kilometres,KAZ,0,1,0
Biathlon Women's 15 kilometres,EUN,0,1,0
Biathlon Women's 15 kilometres,SUI,0,1,0
Biathlon Women's 15 kilometres,UKR,0,1,0
Biathlon Women's 15 kilometres,BUL,0,0,1
Biathlon Women's 15 kilometres,RUS,0,0,1
Biathlon Women's 15 kilometres,BLR,0,0,1
Biathlon Women's 15 kilometres,CAN,0,0,1
Athletics Women's Heptathlon,GBR,2,1,2
Athletics Women's Heptathlon,USA,0,2,2
Athletics Women's Heptathlon,RUS,0,1,0
Athletics Women's Heptathlon,BLR,0,1,0
Athletics Women's Heptathlon,GER,0,1,0
Athletics Women's Heptathlon,EUN,0,1,0
Athletics Women's Heptathlon,GDR,0,1,0
Athletics Women's Heptathlon,LTU,0,1,0
Athletics Women's Heptathlon,AUS,0,0,1
Athletics Women's Heptathlon,BEL,0,0,1
Athletics Women's Heptathlon,SYR,0,0,1
Athletics Women's Heptathlon,SWE,0,0,1
Athletics Women's Heptathlon,UKR,0,0,1
Athletics Women's Pole Vault,ISL,1,0,0
Athletics Women's Pole Vault,USA,0,2,2
Athletics Women's Pole Vault,RUS,0,1,2
Athletics Women's Pole Vault,CUB,0,1,0
Athletics Women's Pole Vault,AUS,0,1,0
Athletics Women's Pole Vault,GRE,0,0,1
Athletics Women's 4 x 400 metres Relay,JAM,15,12,0
Athletics Women's 4 x 400 metres Relay,USA,0,20,38
Athletics Women's 4 x 400 metres Relay,RUS,0,18,0
Athletics Women's 4 x 400 metres Relay,NGR,0,4,0
Athletics Women's 4 x 400 metres Relay,CAN,0,5,0
Athletics Women's 4 x 400 metres Relay,GDR,0,4,8
Athletics Women's 4 x 400 metres Relay,URS,0,0,11
Athletics Women's 4 x 400 metres Relay,EUN,0,0,6
Rhythmic Gymnastics Women's Individual,UKR,4,0,1
Rhythmic Gymnastics Women's Individual,ROU,0,1,0
Rhythmic Gymnastics Women's Individual,ESP,0,1,0
Rhythmic Gymnastics Women's Individual,BUL,0,1,0
Rhythmic Gymnastics Women's Individual,RUS,0,4,5
Rhythmic Gymnastics Women's Individual,BLR,0,2,0
Rhythmic Gymnastics Women's Individual,URS,0,0,1
Rhythmic Gymnastics Women's Individual,CAN,0,0,1
Rhythmic Gymnastics Women's Individual,EUN,0,0,1
Athletics Women's Triple Jump,CZE,1,0,0
Athletics Women's Triple Jump,RUS,0,3,0
Athletics Women's Triple Jump,GRE,0,1,0
Athletics Women's Triple Jump,VEN,0,1,0
Athletics Women's Triple Jump,COL,0,1,1
Athletics Women's Triple Jump,BUL,0,0,1
Athletics Women's Triple Jump,CMR,0,0,2
Athletics Women's Triple Jump,KAZ,0,0,1
Athletics Women's Triple Jump,UKR,0,0,1
Skeleton Women's Skeleton,GBR,1,1,2
Skeleton Women's Skeleton,USA,0,2,1
Skeleton Women's Skeleton,GER,0,1,0
Skeleton Women's Skeleton,SUI,0,0,1
Weightlifting Women's Featherweight,MDA,1,0,0
Weightlifting Women's Featherweight,INA,0,1,0
Weightlifting Women's Featherweight,PHI,0,1,0
Weightlifting Women's Featherweight,KOR,0,1,0
Weightlifting Women's Featherweight,TPE,0,2,1
Weightlifting Women's Featherweight,CHN,0,0,1
Weightlifting Women's Featherweight,KAZ,0,0,1
Weightlifting Women's Featherweight,THA,0,0,2
Weightlifting Women's Middleweight,TPE,1,0,0
Weightlifting Women's Middleweight,RUS,0,2,0
Weightlifting Women's Middleweight,BLR,0,1,0
Weightlifting Women's Middleweight,KAZ,0,1,1
Weightlifting Women's Middleweight,PRK,0,1,1
Weightlifting Women's Middleweight,CHN,0,0,2
Weightlifting Women's Middleweight,UKR,0,0,1
Diving Women's Synchronized Platform,AUS,2,2,0
Diving Women's Synchronized Platform,RUS,0,2,0
Diving Women's Synchronized Platform,MEX,0,2,0
Diving Women's Synchronized Platform,MAS,0,2,0
Diving Women's Synchronized Platform,CAN,0,2,0
Diving Women's Synchronized Platform,CHN,0,0,10
Gymnastics Women's Team Portable Apparatus,POL,6,0,0
Gymnastics Women's Team Portable Apparatus,URS,0,8,0
Gymnastics Women's Team Portable Apparatus,SWE,0,6,8
Gymnastics Women's Team Portable Apparatus,HUN,0,0,6
Athletics Women's Pentathlon,GDR,2,1,1
Athletics Women's Pentathlon,URS,0,1,2
Athletics Women's Pentathlon,FRG,0,1,1
Athletics Women's Pentathlon,GBR,0,1,1
Athletics Women's Pentathlon,AUT,0,1,0
Cross Country Skiing Women's 5/5 kilometres Pursuit,GER,1,0,0
Cross Country Skiing Women's 5/5 kilometres Pursuit,CZE,0,1,0
Cross Country Skiing Women's 5/5 kilometres Pursuit,CAN,0,0,1
Diving Women's Synchronized Springboard,UKR,2,0,0
Diving Women's Synchronized Springboard,CHN,0,2,8
Diving Women's Synchronized Springboard,USA,0,2,0
Diving Women's Synchronized Springboard,ITA,0,2,0
Diving Women's Synchronized Springboard,RUS,0,4,2
Rowing Women's Coxless Fours,GER,4,0,0
Rowing Women's Coxless Fours,USA,0,4,0
Rowing Women's Coxless Fours,CAN,0,0,4
Snowboarding Women's Parallel Slalom,GER,1,1,0
Snowboarding Women's Parallel Slalom,AUT,0,0,1
Athletics Women's 80 metres Hurdles,TPE,1,0,0
Athletics Women's 80 metres Hurdles,USA,0,1,1
Athletics Women's 80 metres Hurdles,URS,0,1,1
Athletics Women's 80 metres Hurdles,GER,0,2,1
Athletics Women's 80 metres Hurdles,AUS,0,1,3
Athletics Women's 80 metres Hurdles,GBR,0,2,0
Athletics Women's 80 metres Hurdles,POL,0,1,0
Athletics Women's 80 metres Hurdles,NED,0,0,1
Athletics Women's 80 metres Hurdles,ITA,0,0,1
"Equestrianism Mixed Jumping, Team",GBR,1,0,0
"Equestrianism Mixed Jumping, Team",USA,0,7,5
"Equestrianism Mixed Jumping, Team",FRA,0,2,1
"Equestrianism Mixed Jumping, Team",CAN,0,1,0
"Equestrianism Mixed Jumping, Team",SUI,0,1,0
"Equestrianism Mixed Jumping, Team",SWE,0,1,0
"Art Competitions Mixed Sculpturing, Statues",GER,1,0,0
Cycling Women's Team Sprint,AUS,2,0,0
Cycling Women's Team Sprint,CHN,0,2,2
Cycling Women's Team Sprint,RUS,0,2,0
Cycling Women's Team Sprint,GER,0,0,2
Rugby Sevens Women's Rugby Sevens,CAN,12,0,0
Rugby Sevens Women's Rugby Sevens,NZL,0,12,0
Rugby Sevens Women's Rugby Sevens,AUS,0,0,12
Cycling Women's Team Pursuit,CAN,8,0,0
Cycling Women's Team Pursuit,USA,0,8,0
Cycling Women's Team Pursuit,GBR,0,0,7
"Athletics Women's 3,000 metres",GBR,1,1,0
"Athletics Women's 3,000 metres",ROU,0,1,1
"Athletics Women's 3,000 metres",EUN,0,1,1
"Athletics Women's 3,000 metres",URS,0,0,1
Freestyle Skiing Women's Slopestyle,CAN,1,0,1
Freestyle Skiing Women's Slopestyle,USA,0,1,0
"Art Competitions Mixed Painting, Paintings",IRL,1,0,0
"Art Competitions Mixed Painting, Paintings",USA,0,1,0
"Art Competitions Mixed Painting, Paintings",GBR,0,1,0
Softball Women's Softball,JPN,14,15,15
Softball Women's Softball,CHN,0,15,0
Softball Women's Softball,USA,0,15,45
Softball Women's Softball,AUS,0,15,0
Cycling Women's Omnium,BEL,1,0,0
Cycling Women's Omnium,USA,0,2,0
Cycling Women's Omnium,GBR,0,0,2
Cycling Women's Keirin,HKG,1,0,0
Cycling Women's Keirin,CHN,0,1,0
Cycling Women's Keirin,GBR,0,1,1
Cycling Women's Keirin,NED,0,0,1
"Wrestling Women's Light-Heavyweight, Freestyle",SWE,1,0,0
"Wrestling Women's Light-Heavyweight, Freestyle",RUS,0,1,0
"Wrestling Women's Light-Heavyweight, Freestyle",JPN,0,0,1
Weightlifting Women's Flyweight,TPE,1,0,0
Weightlifting Women's Flyweight,CHN,0,1,2
Weightlifting Women's Flyweight,TUR,0,1,1
Weightlifting Women's Flyweight,INA,0,2,0
Weightlifting Women's Flyweight,JPN,0,1,0
Weightlifting Women's Flyweight,USA,0,0,1
Weightlifting Women's Flyweight,THA,0,0,1
Table Tennis Women's Team,KOR,3,0,0
Table Tennis Women's Team,GER,0,3,0
Table Tennis Women's Team,SGP,0,3,0
Table Tennis Women's Team,JPN,0,3,0
Table Tennis Women's Team,CHN,0,0,9
Biathlon Women's 3 x 7.5 kilometres Relay,EUN,3,0,0
Biathlon Women's 3 x 7.5 kilometres Relay,GER,0,3,0
Biathlon Women's 3 x 7.5 kilometres Relay,FRA,0,0,3
Synchronized Swimming Women's Solo,JPN,3,0,0
Synchronized Swimming Women's Solo,USA,0,1,2
Synchronized Swimming Women's Solo,CAN,0,1,2
Freestyle Skiing Women's Halfpipe,JPN,1,0,0
Freestyle Skiing Women's Halfpipe,FRA,0,1,0
Freestyle Skiing Women's Halfpipe,USA,0,0,1
Modern Pentathlon Women's Individual,POL,1,0,0
Modern Pentathlon Women's Individual,USA,0,1,0
Modern Pentathlon Women's Individual,FRA,0,1,0
Modern Pentathlon Women's Individual,GBR,0,2,1
Modern Pentathlon Women's Individual,LAT,0,1,0
Modern Pentathlon Women's Individual,HUN,0,0,1
Modern Pentathlon Women's Individual,GER,0,0,1
Modern Pentathlon Women's Individual,AUS,0,0,1
Modern Pentathlon Women's Individual,LTU,0,0,1
"Tennis Women's Singles, Covered Courts",GBR,1,1,2
"Tennis Women's Singles, Covered Courts",DEN,0,1,0
"Tennis Mixed Doubles, Covered Courts",SWE,1,0,0
"Tennis Mixed Doubles, Covered Courts",GBR,0,1,1
Diving Women's Plain High,GBR,1,1,0
Diving Women's Plain High,USA,0,1,1
Diving Women's Plain High,SWE,0,1,1
Diving Women's Plain High,DEN,0,0,1
Sailing Mixed 6 metres,SWE,1,0,0
Sailing Mixed 6 metres,USA,0,0,1
Weightlifting Women's Lightweight,TPE,1,0,0
Weightlifting Women's Lightweight,RUS,0,1,0
Weightlifting Women's Lightweight,THA,0,2,1
Weightlifting Women's Lightweight,PRK,0,2,0
Weightlifting Women's Lightweight,CHN,0,0,3
Weightlifting Women's Lightweight,MEX,0,0,1
"Art Competitions Mixed Sculpturing, Reliefs",GBR,1,0,0
Snowboarding Women's Slopestyle,GBR,1,0,0
Snowboarding Women's Slopestyle,FIN,0,1,0
Snowboarding Women's Slopestyle,USA,0,0,1
Luge Mixed Team Relay,LAT,1,0,0
Luge Mixed Team Relay,RUS,0,1,0
Luge Mixed Team Relay,GER,0,0,1
Sailing Mixed Multihull,AUT,1,0,0
Sailing Mixed Multihull,AUS,0,1,0
Sailing Mixed Multihull,ARG,0,0,1
Snowboarding Women's Giant Slalom,AUT,1,0,0
Snowboarding Women's Giant Slalom,GER,0,1,0
Snowboarding Women's Giant Slalom,FRA,0,0,1
"Shooting Mixed Small-Bore Rifle, Three Positions, 50 metres",USA,0,1,0
Sailing Mixed 5.5 metres,NOR,0,1,0
Art Competitions Mixed Painting,FRA,0,1,0
Sailing Mixed 1-2 Ton,SUI,0,1,1
Art Competitions Mixed Literature,GBR,0,1,0
"Art Competitions Mixed Painting, Graphic Arts",POL,0,1,0
Shooting Mixed Skeet,CHN,0,0,1
Archery Women's Team Round,USA,0,0,4
"Art Competitions Mixed Literature, Lyric Works",FIN,0,0,1
Sailing Mixed 8 metres,FRA,0,0,1
Alpinism Mixed Alpinism,SUI,0,0,1
Sailing Mixed 7 metres,GBR,0,0,2